,title,type,status,genres,themes,score,scored_by,volumes,chapters,start_date,end_date
12136,Love Material,doujinshi,finished,"['Boys Love', 'Erotica']",[],6.65,823,1.0,1.0,2023-04-02,2023-04-02
455,Ran to Haiiro no Sekai,manga,finished,"['Drama', 'Fantasy', 'Romance', 'Supernatural']",[],8.11,7278,7.0,51.0,2008-12-15,2015-04-15
23149,Dramatic Irony,manga,finished,"['Action', 'Adventure', 'Comedy', 'Fantasy']",[],6.48,148,1.0,4.0,1995-01-01,2000-01-01
19660,Bluish,manga,finished,"['Horror', 'Supernatural']",[],6.83,137,2.0,8.0,2010-12-16,2012-02-16
7235,Urakata!!,manga,finished,"['Comedy', 'Romance']",[],7.25,491,7.0,40.0,2014-05-24,2018-06-23
2339,Yukidoke no Koi,manga,finished,"['Boys Love', 'Romance']",[],7.69,1449,1.0,8.0,2015-09-01,2016-03-01
706,Higurashi no Naku Koro ni: Himatsubushi-hen,manga,finished,"['Drama', 'Horror', 'Mystery']",['Psychological'],7.86,6173,2.0,9.0,2006-09-22,2007-01-22
3031,Not Lives,manga,finished,"['Action', 'Comedy']","['School', 'Super Power']",7.29,2513,10.0,54.0,2011-06-27,2016-10-27
24378,Antimoral Omegaverse,manga,finished,"['Boys Love', 'Erotica']",[],6.29,120,1.0,7.0,2018-09-27,2020-07-16
15151,Onnanoko ga H na Manga Egaicha Dame desu ka?,manga,finished,"['Comedy', 'Ecchi', 'Romance']",['School'],6.53,593,3.0,20.0,2011-06-20,2013-09-09
4746,Dear My Mister,manga,finished,"['Boys Love', 'Erotica']",[],7.25,1087,1.0,6.0,2023-04-02,2023-04-02
17464,Midara na Hina wa Haru wo Uru,manga,finished,"['Boys Love', 'Erotica', 'Romance']",['School'],6.5,403,1.0,6.0,2017-02-28,2017-07-29
17214,Akaneiro Show Time,manga,finished,['Romance'],['School'],6.73,253,1.0,4.0,2005-07-15,2005-07-15
3456,Hyakunen Renbo,manga,finished,"['Fantasy', 'Romance']",[],7.32,1677,2.0,9.0,2009-01-01,2009-01-01
841,Clannad: Tomoyo After,manga,finished,"['Drama', 'Romance']",[],7.95,3975,1.0,4.0,2007-04-20,2007-10-20
11378,Haru yo Koi,manga,finished,"['Boys Love', 'Erotica']",[],6.87,488,1.0,6.0,2007-01-10,2007-01-10
17568,Gotou-san wa Ore wo Kaitai,manga,finished,"['Boys Love', 'Erotica']",[],6.92,152,1.0,7.0,2019-03-12,2020-02-25
18478,Kidou Senshi Gundam: Silhouette Formula 91,manga,finished,[],['Mecha'],6.62,266,1.0,10.0,1992-08-01,1995-11-01
4224,Ghost Only: Yuurei Senyou Restaurant,manga,finished,"['Comedy', 'Fantasy', 'Romance', 'Supernatural']",[],7.37,997,2.0,12.0,2005-04-28,2008-06-28
14948,"Onna dakara, to Party wo Tsuihou sareta node Densetsu no Majo to Saikyou Tag wo Kumimashita",light_novel,finished,"['Adventure', 'Fantasy', 'Girls Love']",[],6.94,222,2.0,22.0,2019-02-25,2019-08-25
658,Alive: Saishuu Shinkateki Shounen,manga,finished,"['Adventure', 'Sci-Fi', 'Supernatural']",['Survival'],7.79,9431,21.0,83.0,2003-04-05,2010-02-06
18701,Akuma ni Chic x Hack,manga,finished,"['Fantasy', 'Romance']",['Mythology'],6.58,280,2.0,12.0,2016-03-19,2016-10-05
13263,Mai,manga,finished,"['Action', 'Supernatural']",[],6.71,536,6.0,53.0,1985-01-01,1986-01-01
15211,Joker no Kuni no Alice: Mahiru ni Miru Yume,manga,finished,"['Fantasy', 'Romance']",[],6.99,191,1.0,4.0,2010-12-25,2010-12-25
6203,Koinaka,manga,finished,['Hentai'],[],7.33,551,1.0,8.0,2008-12-29,2011-05-17
5540,Dekiai Rule,manga,finished,"['Boys Love', 'Erotica']",['School'],7.21,892,1.0,4.0,2009-03-10,2009-03-10
8657,"Rules dj - If Winter Comes, Can Spring Be Far Behind?",doujinshi,finished,"['Boys Love', 'Erotica']",[],7.15,427,1.0,1.0,2006-12-30,2006-12-30
22431,Code-Ex,manga,finished,['Sci-Fi'],[],6.72,109,2.0,12.0,2008-01-01,2023-04-02
10229,"Konya, Mister de",manga,finished,"['Boys Love', 'Erotica']",[],6.84,692,1.0,6.0,2009-01-31,2009-10-31
8851,Witchblade,manga,finished,"['Action', 'Ecchi', 'Horror', 'Sci-Fi']","['School', 'Super Power']",6.8100000000000005,1164,2.0,12.0,2023-04-02,2023-04-02
8568,Buzzy Noise,manga,finished,"['Romance', 'Slice of Life']",['Music'],7.04,575,5.0,53.0,2018-05-14,2020-01-06
1318,Blood+,manga,finished,"['Action', 'Horror', 'Mystery', 'Romance', 'Supernatural']",['Gore'],7.56,5539,5.0,20.0,2005-12-26,2007-04-26
20056,Icchau? x Icchau♡,manga,finished,['Hentai'],[],6.88,114,1.0,11.0,2009-01-01,2009-01-01
1616,Lucky Number 13,manga,finished,"['Boys Love', 'Comedy', 'Drama', 'Erotica', 'Slice of Life']",[],7.55,3559,2.0,15.0,2009-05-22,2011-05-21
13986,Ichiya dake no Princess,manga,finished,"['Drama', 'Romance']",[],6.99,231,1.0,3.0,2008-01-01,2023-04-02
9803,Ai Ou Futari,manga,finished,['Boys Love'],[],7.43,211,1.0,5.0,2021-04-30,2021-12-30
8998,Miraiken de Ai wo Tsumugeba,manga,finished,"['Boys Love', 'Drama', 'Erotica']",['School'],7.02,543,1.0,6.0,2015-08-28,2016-11-30
23180,JC's EX,manga,finished,['Hentai'],[],6.66,105,1.0,10.0,2011-08-29,2015-07-28
4844,Kimi-iro Focus,manga,finished,"['Comedy', 'Ecchi', 'Romance']","['Harem', 'School']",7.01,3489,10.0,40.0,2009-07-06,2012-10-06
8549,Interval Zero,manga,finished,"['Boys Love', 'Erotica']",[],6.76,1681,1.0,6.0,2011-01-01,2011-01-01
5813,"Sono Mono. Nochi ni...: Futsuu no Otoko, Saikyou no Michi wo Yuku.",manga,discontinued,"['Action', 'Fantasy']",[],6.95,2382,1.0,6.0,2017-03-31,2017-08-31
21962,Osananajimi Irony,manga,finished,"['Boys Love', 'Drama', 'Erotica']",[],6.36,223,1.0,6.0,2019-07-26,2020-03-27
3991,House Backer,manga,finished,"['Boys Love', 'Comedy', 'Erotica', 'Slice of Life']",[],7.21,1885,1.0,10.0,2007-11-23,2020-08-21
1785,Nousatsu Rock Shounen,manga,finished,"['Comedy', 'Romance']","['Music', 'Showbiz']",7.58,2678,4.0,20.0,2005-02-12,2013-06-24
23377,Boku no Sex Star,manga,finished,"['Boys Love', 'Drama', 'Erotica']",['School'],6.4,154,2.0,16.0,2015-10-24,2019-02-25
18122,Shounen Shoujo Romance,manga,finished,"['Comedy', 'Drama']",[],6.16,528,3.0,12.0,2002-01-01,2002-01-01
788,Another,manga,finished,"['Drama', 'Horror', 'Mystery']","['Gore', 'School']",7.63,30684,4.0,20.0,2010-04-03,2011-12-03
16786,Sentirental Girl,manga,finished,"['Comedy', 'Romance']",['School'],6.64,337,3.0,56.0,2014-10-30,2015-12-03
10112,Koi no Iro,manga,finished,"['Boys Love', 'Erotica']",[],7.08,364,1.0,7.0,2006-01-01,2023-04-02
5849,Tales of Vesperia,manga,finished,"['Action', 'Adventure', 'Fantasy']",[],7.29,655,3.0,21.0,2008-08-07,2010-10-09
5664,Crazy Food Truck,manga,finished,"['Action', 'Comedy', 'Ecchi', 'Gourmet']",[],6.99,2045,3.0,16.0,2020-07-21,2021-12-21
21034,5-ji kara Honban!,manga,finished,['Hentai'],[],6.67,157,1.0,8.0,2011-07-11,2013-02-09
1978,Ze,manga,finished,"['Boys Love', 'Comedy', 'Drama', 'Erotica', 'Supernatural']",[],8.06,1331,11.0,66.0,2004-03-11,2011-04-14
5573,Les Misérables,manga,finished,['Drama'],['Historical'],7.8,404,8.0,33.0,2013-09-12,2016-05-12
13654,Watashi no Otto wa Reitouko ni Nemutteiru,manga,finished,"['Drama', 'Horror', 'Mystery', 'Suspense']",[],6.42,1050,2.0,14.0,2020-04-02,2021-02-25
4904,Katsute Mahou Shoujo to Aku wa Tekitai shiteita.,manga,finished,"['Comedy', 'Fantasy', 'Romance', 'Slice of Life']",['Mahou Shoujo'],7.22,1121,3.0,21.0,2013-09-21,2015-03-20
20985,"Jinrui wa Suitai Shimashita: Yousei, Shimasu ka?",manga,finished,"['Comedy', 'Fantasy']",[],6.74,135,3.0,13.0,2012-01-27,2013-01-26
13441,Calling dj - Call My Name,doujinshi,finished,"['Boys Love', 'Drama', 'Erotica']",[],6.97,261,1.0,1.0,2009-01-01,2009-01-01
19744,Junai Clover,manga,finished,[],[],6.55,248,1.0,4.0,2003-01-01,2003-01-01
8526,Shinyaku Seisho,manga,finished,[],['Historical'],7.17,421,5.0,128.0,2006-01-01,2011-08-01
854,Rockin'★Heaven,manga,finished,"['Drama', 'Romance']","['Reverse Harem', 'School']",7.7,7989,8.0,36.0,2005-12-01,2008-07-01
3848,Zettai Kakusei Tenshi Mistress☆Fortune,manga,finished,"['Romance', 'Supernatural']",['School'],7.14,3138,1.0,5.0,2008-06-03,2008-08-02
8716,Nanairo Inko,manga,finished,['Mystery'],[],7.72,207,7.0,47.0,1981-01-01,1982-01-01
11169,Sword Art Online Alternative: Clover's Regret,light_novel,finished,"['Action', 'Adventure', 'Sci-Fi']",[],7.39,175,3.0,14.0,2016-06-10,2018-08-10
17116,Aibu de Jirashite,manga,finished,['Romance'],[],6.03,690,1.0,5.0,2009-01-29,2012-01-28
4525,Rurouni Kenshin Uramaku: Honoo wo Suberu,manga,finished,['Fantasy'],"['Detective', 'Historical', 'Samurai']",7.39,850,1.0,8.0,2014-07-04,2014-09-04
20189,Gin ni Naru,manga,finished,"['Romance', 'Slice of Life', 'Sports']",[],6.57,222,1.0,5.0,2006-01-01,2006-01-01
7209,Kimi wa Kirakira,manga,finished,"['Romance', 'Sports']",[],6.94,1233,1.0,5.0,2008-08-08,2008-12-08
10618,Kidou Senshi Gundam Senki: Lost War Chronicles,manga,finished,"['Action', 'Drama', 'Sci-Fi']",['Mecha'],7.02,381,2.0,10.0,2002-05-25,2004-01-26
3183,"Koyoi, Kimi to Kiss no Chigiri wo",manga,finished,"['Fantasy', 'Romance']","['Mythology', 'School']",7.43,1423,3.0,15.0,2012-01-06,2014-05-02
1388,Bokura no Negai,manga,finished,"['Boys Love', 'Erotica', 'Slice of Life']",[],7.67,3271,3.0,21.0,2012-04-20,2016-10-19
10411,Alexandrite,manga,finished,['Drama'],[],7.34,213,7.0,35.0,1991-04-01,1994-11-01
14735,Yuri Pop,manga,finished,"['Comedy', 'Girls Love']",['School'],6.75,370,1.0,9.0,2008-03-18,2009-12-18
7547,Peter Panda,manhwa,finished,"['Comedy', 'Drama', 'Romance', 'Supernatural']",['School'],7.25,455,4.0,24.0,2005-01-01,2005-01-01
12814,Deja-vu,manhwa,finished,"['Drama', 'Fantasy', 'Romance', 'Sci-Fi']",['Historical'],7.05,242,1.0,6.0,2004-01-01,2023-04-02
3409,Tsuyogari,manga,finished,"['Boys Love', 'Comedy', 'Drama', 'Erotica']",['School'],7.24,2438,1.0,7.0,2008-04-01,2008-04-01
22584,Choisuji,manga,finished,"['Comedy', 'Hentai']",['School'],6.66,120,1.0,10.0,2004-02-21,2005-03-19
1541,The Stories of Those Around Me,manhwa,finished,"['Comedy', 'Romance', 'Slice of Life']",[],7.86,2116,4.0,60.0,2012-04-20,2013-06-06
19808,Pahanjip,manhwa,finished,"['Drama', 'Romance', 'Supernatural']",['Historical'],6.87,121,6.0,21.0,2006-01-01,2008-01-01
387,Higurashi no Naku Koro ni: Watanagashi-hen,manga,finished,"['Drama', 'Horror', 'Mystery']",['Psychological'],8.14,8648,2.0,12.0,2005-04-26,2006-03-25
18127,Tonari no Otoko,manga,finished,"['Boys Love', 'Erotica']",[],6.87,157,1.0,6.0,2020-03-30,2020-11-30
12978,Aka no Sekai,manga,finished,['Supernatural'],[],6.86,373,1.0,4.0,2010-01-01,2011-01-01
22058,Café☆Griefseed e Youkoso!,manga,finished,"['Comedy', 'Fantasy', 'Slice of Life']",[],6.76,107,1.0,9.0,2012-06-08,2013-10-10
1130,Kyuuso wa Cheese no Yume wo Miru,manga,finished,"['Boys Love', 'Drama', 'Erotica']",[],7.66,4933,1.0,6.0,2004-06-01,2005-10-01
1999,Copernicus no Kokyuu,manga,finished,"['Boys Love', 'Drama', 'Erotica', 'Romance', 'Supernatural']",['Psychological'],7.64,1934,2.0,13.0,2002-01-01,2003-01-01
11399,Mahou Shoujo Oriko★Magica: Betsu-hen,manga,finished,"['Drama', 'Fantasy']",['Mahou Shoujo'],6.76,674,1.0,6.0,2012-08-09,2013-06-10
7906,Renjou Desperado,manga,finished,"['Action', 'Comedy', 'Romance']",[],7.05,667,6.0,36.0,2015-05-12,2018-04-12
11199,PaniPoni,manga,finished,['Comedy'],"['Gag Humor', 'Parody', 'School']",7.2,234,17.0,240.0,2000-10-18,2011-09-17
6632,3-manen no Kareshi,manga,finished,"['Boys Love', 'Erotica']",[],6.97,1374,1.0,6.0,2013-10-12,2013-10-12
20017,Persona 3 Portable Comic Anthology ~Dear Girl's~,manga,finished,"['Comedy', 'Romance', 'Supernatural']",[],6.87,117,1.0,13.0,2010-06-25,2010-06-25
8710,Ore wa Koi no Haousama,manga,finished,"['Boys Love', 'Erotica']",[],7.11,458,1.0,6.0,2023-04-02,2023-04-02
2099,Black★Rock Shooter: Innocent Soul,manga,finished,"['Action', 'Drama', 'Fantasy']",['Super Power'],7.37,4344,3.0,12.0,2011-06-04,2012-05-04
5460,Kubidai Hikiukenin,manga,finished,"['Action', 'Drama']","['Historical', 'Samurai']",7.71,441,1.0,7.0,1987-01-01,1987-01-01
19277,Wareware wa Neko de Aru,manga,on_hiatus,"['Comedy', 'Slice of Life']",[],6.91,120,1.0,12.0,2013-10-01,2016-07-22
8688,Togabito to Melody,manga,finished,['Romance'],[],7.0,621,1.0,5.0,2001-06-05,2010-05-20
3661,Akuma de Koi Shiyou,manga,finished,"['Comedy', 'Romance']",['School'],7.14,3707,1.0,4.0,2012-04-24,2012-07-24
1554,Ojojojo,manga,finished,"['Comedy', 'Romance', 'Slice of Life']",['School'],7.47,6345,4.0,64.0,2012-06-18,2017-04-17
23741,Imouto! Android,manga,finished,"['Comedy', 'Ecchi']",[],6.38,141,6.0,51.0,2012-11-27,2017-11-21
15799,Anata no Jinsei Hikiukemasu!,manga,finished,"['Boys Love', 'Erotica']",[],6.52,530,1.0,5.0,2023-04-02,2023-04-02
10049,Yoru no Kagi,manga,finished,"['Drama', 'Fantasy']",[],7.03,418,5.0,52.0,2018-02-13,2020-06-12
9082,Romance ni wa Hodotooi,manga,finished,['Boys Love'],[],7.28,300,1.0,6.0,2020-12-14,2021-06-14
7936,Under (xGround) Grand Hotel Kiss & Kill,manga,finished,"['Boys Love', 'Erotica']",[],7.16,501,1.0,4.0,2013-01-25,2013-01-25
8870,"Ai, Sei",manga,finished,"['Boys Love', 'Drama', 'Erotica']",['Psychological'],6.84,1013,1.0,8.0,2014-02-22,2022-07-08
15195,Kinjirareta Taion,manga,finished,"['Boys Love', 'Erotica']",[],6.82,288,1.0,5.0,2003-11-25,2003-11-25
8649,Eagle,manga,finished,"['Drama', 'Mystery']",[],7.3,319,11.0,89.0,1997-01-01,2001-01-01
23807,Warawanai Ningyo,manga,finished,"['Boys Love', 'Drama', 'Romance']",[],6.36,141,1.0,4.0,2023-04-02,2023-04-02
20850,Neo Girl,manhwa,finished,"['Drama', 'Romance']",['School'],6.41,257,1.0,10.0,2009-01-01,2009-01-01
17675,Bijo to Chinjuu,manga,finished,"['Boys Love', 'Erotica']",[],6.59,324,1.0,3.0,2023-04-02,2023-04-02
9119,Cherry na Teacher,manga,finished,"['Boys Love', 'Erotica']",[],6.94,654,1.0,5.0,2010-01-01,2010-01-01
20093,Nakamura Koedo to Daizu Keisuke wa Umakuikanai,manga,finished,"['Comedy', 'Romance']",['School'],6.52,247,2.0,26.0,2013-09-09,2015-03-09
22493,Obentouuri wa Seijo-sama!: Isekai Musume no Attaka Recipe,manga,finished,"['Fantasy', 'Gourmet']",['Isekai'],6.73,105,2.0,10.0,2019-10-05,2022-08-05
23049,Love Recycle,manhwa,finished,"['Boys Love', 'Drama', 'Erotica']",[],6.07,212,1.0,2.0,2008-07-09,2008-07-09
5580,Shinigamihime no Saikon: Baraen no Tokei Koushaku,manga,finished,['Romance'],[],7.19,925,3.0,18.0,2012-04-01,2016-02-26
11327,Kouryaku Syndrome,manga,finished,"['Boys Love', 'Erotica']",[],6.63,1084,1.0,7.0,2011-09-30,2012-04-28
14631,"Hajimete, Kudasai.",manga,finished,['Romance'],['School'],6.65,489,1.0,6.0,2012-07-14,2013-04-20
3513,Helen ESP,manga,finished,['Supernatural'],[],7.36,1430,2.0,18.0,2007-05-24,2010-06-24
11026,Sex Nochi Ryou Omoi,manga,finished,['Hentai'],[],7.08,306,1.0,8.0,2012-04-24,2013-11-22
5187,Mahou Shoujo Lyrical Nanoha: Movie 1st the Comics,manga,finished,"['Action', 'Adventure', 'Fantasy']",['Mahou Shoujo'],7.7,478,2.0,16.0,2009-01-01,2009-01-01
2515,"Kocchi Muite, Ai",manga,finished,"['Boys Love', 'Drama', 'Erotica', 'Romance']",[],7.41,2362,1.0,5.0,2015-06-24,2015-12-24
5546,Holiday,manga,finished,"['Drama', 'Romance']",[],7.16,1028,1.0,3.0,2008-09-26,2008-09-26
22825,We are Gorgeous,manga,finished,"['Boys Love', 'Erotica']",[],6.15,216,1.0,6.0,2003-01-01,2023-04-02
7535,Loveless dj - Mimi to boku,doujinshi,finished,['Boys Love'],[],7.26,449,1.0,1.0,2023-04-02,2023-04-02
5675,"Oogami-san, Dadamore desu.",manga,finished,"['Romance', 'Slice of Life']",['School'],6.9,4101,7.0,38.0,2016-10-25,2019-11-25
12967,Sasaki to Miyano: Koushiki Anthology Comic,manga,finished,['Boys Love'],"['Otaku Culture', 'School']",7.36,136,1.0,17.0,2022-04-27,2022-04-27
1890,Zippy Ziggy,manhwa,finished,['Comedy'],[],7.45,3724,11.0,86.0,2005-04-15,2023-04-02
9923,Spectral Wizard,manga,finished,"['Drama', 'Fantasy']",['Psychological'],7.34,232,1.0,5.0,2014-08-31,2016-05-05
15758,Angel Onayami Soudanjo,manga,finished,"['Comedy', 'Fantasy']",[],6.5,558,1.0,13.0,2004-08-07,2006-08-04
6155,Shoujo☆Kageki Revue Starlight: Overture,manga,finished,['Slice of Life'],"['Music', 'Performing Arts']",7.6,397,2.0,10.0,2018-01-30,2018-10-30
21380,4 ban third,manga,finished,['Sports'],['Team Sports'],6.69,142,1.0,6.0,1993-01-01,1993-01-01
6005,Ichigeki,manga,finished,['Drama'],['Historical'],7.22,741,7.0,49.0,2016-04-27,2020-11-13
16702,Kaidan Nikki,manga,finished,['Supernatural'],[],6.42,532,3.0,16.0,2014-07-26,2015-10-27
12965,Saenai Heroine no Sodatekata: Girls Side,light_novel,finished,['Drama'],['School'],7.37,134,3.0,32.0,2015-02-20,2017-06-20
15843,Charon Siphon,manga,finished,"['Fantasy', 'Romance', 'Supernatural']","['Harem', 'Mythology']",6.79,275,3.0,18.0,2011-06-30,2012-11-30
6178,Senya Ichiya: Shitone no Himegoto,manga,finished,"['Boys Love', 'Drama', 'Erotica']",[],7.5,436,1.0,6.0,2009-08-10,2009-08-10
640,Dragon Quest: Dai no Daibouken,manga,finished,"['Action', 'Adventure', 'Fantasy']",[],7.95,5819,37.0,349.0,1989-10-10,1996-11-26
15152,Shin Kurosagi,manga,finished,['Drama'],[],7.29,109,18.0,198.0,2008-06-05,2012-08-06
9521,Sakoku Renai,manga,finished,"['Action', 'Adventure', 'Boys Love', 'Erotica', 'Sci-Fi']",['Historical'],7.02,479,1.0,7.0,2007-01-01,2007-01-01
13706,Sayonara Boku no Princess Lolita,manga,finished,"['Boys Love', 'Erotica']",[],6.63,613,1.0,6.0,2012-08-09,2012-08-09
6055,Hatsukoi Wazurai,manga,finished,['Romance'],['School'],6.86,4608,1.0,5.0,2013-06-20,2013-07-20
13623,Kantai Collection: Itsuka Shizuka na Umi de,manga,finished,"['Action', 'Sci-Fi']",['Military'],7.13,180,3.0,20.0,2013-10-26,2016-06-27
4547,Koi made Hyakurin,manga,finished,"['Boys Love', 'Erotica']",[],7.26,1152,1.0,7.0,2010-11-30,2010-11-30
20097,Jigoku Koi Suchou,manga,finished,"['Comedy', 'Slice of Life', 'Supernatural']",['School'],6.54,239,2.0,15.0,2012-07-09,2013-09-09
18780,Mahou no Kagami ni Sasayaite,manga,finished,['Romance'],[],6.59,270,1.0,4.0,2008-01-01,2023-04-02
20389,Hi ga Kuretemo Aruiteru,manga,finished,[],[],6.65,183,1.0,3.0,2001-01-01,2001-01-01
6912,Higurashi no Naku Koro ni Kai: Utsutsukowashi-hen,manga,finished,"['Comedy', 'Drama', 'Horror', 'Mystery']",['Psychological'],7.01,1050,1.0,5.0,2006-09-26,2007-06-26
22094,Brother,manga,finished,['Slice of Life'],[],6.54,168,1.0,9.0,2023-04-02,2023-04-02
16964,Toritsu Mizushou!,manga,finished,"['Comedy', 'Ecchi', 'Romance']",['School'],6.96,153,22.0,235.0,2003-04-24,2009-01-24
12276,Kimi no Namida wo Nomihoshitai,manga,finished,"['Comedy', 'Romance']",[],6.91,369,2.0,31.0,2020-08-01,2022-09-20
1243,Devils Line,manga,finished,"['Action', 'Drama', 'Romance']",['Vampire'],7.58,5892,14.0,80.0,2013-03-22,2019-05-22
4072,Hentai Ouji to Warawanai Neko.,light_novel,finished,"['Comedy', 'Ecchi', 'Romance']","['Harem', 'School']",7.52,823,13.0,72.0,2010-10-25,2019-03-25
19027,Soregashi Kojiki ni Arazu,manga,finished,[],"['Historical', 'Samurai']",6.69,210,1.0,6.0,1970-01-01,1971-01-01
17127,Ijiwaru Houteishiki,manga,finished,['Romance'],['School'],6.7,277,1.0,7.0,2014-03-20,2014-06-20
22003,Hanasaku Bokura no Koiwazurai,manga,finished,['Boys Love'],['School'],6.58,159,1.0,6.0,2020-09-11,2021-10-08
18636,Juuhime: Phantom Pain,manga,finished,"['Action', 'Fantasy']",[],6.84,157,6.0,39.0,2010-09-25,2014-03-25
15861,R402,manga,finished,"['Drama', 'Ecchi', 'Horror', 'Romance']",['Psychological'],4.57,1062,3.0,18.0,2017-10-16,2019-06-17
3834,Monster Hunter Orage,manga,finished,"['Action', 'Adventure', 'Comedy', 'Fantasy']",[],7.06,8825,4.0,14.0,2008-04-04,2009-05-02
24552,Oni: 2889-nen no Hanran,manga,finished,['Supernatural'],[],6.03,119,1.0,3.0,1971-10-25,1971-10-25
12624,Kimi no Ondo,manga,finished,"['Boys Love', 'Erotica']",[],6.71,607,1.0,6.0,2003-01-01,2003-01-01
20585,Nobunagun,manga,finished,"['Action', 'Sci-Fi']",['Super Power'],6.73,148,6.0,41.0,2011-05-12,2015-08-28
53,Youkoso Jitsuryoku Shijou Shugi no Kyoushitsu e,light_novel,finished,['Drama'],"['Psychological', 'School']",8.88,29679,14.0,110.0,2015-05-25,2019-09-25
1878,Peter Pan♠Syndrome,manga,finished,"['Fantasy', 'Romance', 'Supernatural']",['School'],7.61,2274,2.0,10.0,2004-12-28,2005-09-03
14283,Dominion C1 Conflict,manga,finished,"['Action', 'Comedy', 'Sci-Fi']","['Detective', 'Mecha']",6.88,285,1.0,2.0,1992-01-01,1992-01-01
12052,Grashros,manga,finished,['Action'],[],6.1,4001,5.0,47.0,2017-07-03,2018-08-20
15674,Kamen Teacher Black,manga,finished,"['Action', 'Comedy']",['School'],6.99,177,5.0,47.0,2013-04-25,2014-10-16
5313,Mimi Mix!,manga,finished,"['Comedy', 'Girls Love']",[],7.35,691,3.0,20.0,2016-11-18,2018-05-18
4014,Junai Dropout,manga,finished,"['Boys Love', 'Erotica']",[],7.3,1335,1.0,6.0,2018-09-01,2019-04-01
3921,Missile Happy!,manga,finished,['Romance'],[],7.36,1175,5.0,20.0,2000-01-01,2023-04-02
12222,No Color Baby,manga,finished,"['Boys Love', 'Drama', 'Erotica']",[],6.94,346,1.0,6.0,2017-03-14,2017-07-14
523,Kimi wa Pet,manga,finished,"['Award Winning', 'Comedy', 'Drama', 'Romance']",['Love Polygon'],7.97,7931,14.0,82.0,2000-05-08,2005-10-25
1446,Saver,manhwa,finished,"['Action', 'Adventure', 'Drama', 'Fantasy', 'Romance']","['Crossdressing', 'Historical']",7.92,2125,17.0,55.0,2002-01-01,2010-01-01
284,Ajin,manga,finished,"['Action', 'Horror', 'Mystery', 'Supernatural']",['Gore'],7.98,42140,17.0,84.0,2012-07-06,2021-02-05
20206,Lovable,manga,finished,['Hentai'],[],6.65,188,1.0,9.0,2008-01-01,2008-01-01
12949,Bokura no Micro na Shuumatsu,manga,finished,['Boys Love'],[],7.23,166,2.0,13.0,2020-02-25,2021-12-25
11803,To Find My Brother Ara,manhwa,finished,['Romance'],['School'],6.95,364,10.0,47.0,2023-04-02,2023-04-02
19972,Uza Kawaii Kouhai to Ichaicha suru dake no Anthology Comic,manga,finished,['Romance'],['School'],6.35,321,1.0,7.0,2019-12-26,2019-12-26
1152,Rozen Maiden (2008),manga,finished,"['Drama', 'Fantasy', 'Supernatural']",['Psychological'],7.93,2789,10.0,68.0,2008-04-17,2014-01-23
7312,Brand Romance,light_novel,finished,"['Boys Love', 'Erotica']",[],7.38,384,1.0,4.0,2001-03-01,2001-03-01
21007,Kigeki Ekimae Gyakusatsu,manga,finished,"['Avant Garde', 'Horror']",[],6.28,286,1.0,12.0,1997-10-17,1999-04-17
5114,Sonogo no Crows,manga,finished,['Action'],"['Delinquents', 'School']",7.35,741,1.0,7.0,1999-12-06,2001-02-06
9831,Shokuryou Jinrui Re,manga,finished,['Horror'],['School'],7.14,334,7.0,61.0,2021-04-08,2023-06-15
8771,The iDOLM@STER Million Live!,manga,finished,[],['Music'],7.58,224,5.0,26.0,2014-07-11,2016-09-12
21998,Mofu Men,manga,finished,['Comedy'],['School'],6.46,196,1.0,5.0,2012-07-14,2013-05-15
18264,Lample,manga,finished,['Fantasy'],[],6.67,246,1.0,6.0,2002-01-01,2023-04-02
5697,Heat,manga,finished,"['Action', 'Award Winning', 'Drama']",['Organized Crime'],7.24,769,17.0,134.0,1999-01-01,2004-01-01
17056,The Ring 0: Birthday,manga,finished,"['Drama', 'Horror', 'Supernatural']",['Psychological'],6.75,248,1.0,4.0,2023-04-02,2023-04-02
22986,Forbidden Fruit: Kindan no Kajitsu,manga,finished,['Hentai'],[],6.57,132,1.0,10.0,2012-07-06,2014-10-14
8865,Gekkou Spice,manga,finished,"['Fantasy', 'Romance']",[],7.08,476,1.0,4.0,2003-12-10,2007-10-10
4556,Ginga no Shinanai Kodomotachi e,manga,finished,"['Adventure', 'Drama', 'Sci-Fi', 'Slice of Life']",[],7.96,506,2.0,14.0,2017-02-13,2018-08-27
19971,Alcohole Communication,manga,finished,"['Boys Love', 'Drama', 'Erotica']",[],6.76,152,1.0,7.0,2017-05-25,2018-03-23
6355,Tanteiken Sherdock,manga,finished,"['Comedy', 'Mystery']",['Reincarnation'],7.32,537,7.0,59.0,2011-10-19,2012-11-28
10966,Kigurumi-kun,manga,finished,"['Boys Love', 'Erotica']",[],6.94,436,1.0,6.0,2018-02-15,2018-02-15
9567,Touken Ranbu Online Anthology Comic: Touken Danshi Makuaigeki,manga,finished,"['Comedy', 'Fantasy']",['Historical'],7.31,260,1.0,16.0,2015-08-27,2015-08-27
10872,The Mark of Watzel,manga,finished,['Drama'],[],7.18,256,1.0,4.0,2013-08-08,2013-12-06
1392,The Legend of Maian,manhwa,on_hiatus,"['Action', 'Adventure', 'Ecchi', 'Fantasy']",[],7.65,3465,14.0,75.0,2007-01-01,2012-01-01
14165,Sangoku Rensenki: Otome no Heihou!,manga,finished,"['Adventure', 'Romance']",['Historical'],7.18,151,5.0,30.0,2011-11-15,2014-04-15
22652,Turning Point☆: Moshi Ore ga 15-nenmae kara Jinsei Yarinaosetara,manga,finished,['Hentai'],[],6.71,106,1.0,8.0,2011-10-24,2012-10-24
19837,Puchi Puri Yuushi,manga,finished,['Fantasy'],[],6.53,253,1.0,4.0,2002-01-01,2002-01-01
12982,Maya no Souretsu,manga,finished,"['Drama', 'Girls Love', 'Mystery']",[],6.58,829,1.0,4.0,1972-01-01,1972-01-01
18881,Ore wo Mite.,manga,finished,"['Boys Love', 'Drama', 'Erotica']",[],6.61,255,1.0,7.0,2017-05-26,2017-10-27
24513,Midara na Candy,manga,finished,"['Boys Love', 'Drama', 'Erotica']",['School'],6.23,114,1.0,7.0,2001-03-01,2001-03-01
9321,Manabiya,manga,on_hiatus,"['Comedy', 'Slice of Life']",['School'],7.13,381,1.0,5.0,2009-04-22,2009-08-22
21749,Bishounen no Koi,manga,finished,['Boys Love'],[],6.2,263,1.0,3.0,2023-04-02,2023-04-02
14528,Attachment Love,manga,finished,"['Boys Love', 'Drama', 'Erotica']",[],6.8100000000000005,329,1.0,9.0,2017-10-07,2018-10-09
12806,Munakata Kyouju Ikouroku,manga,finished,['Mystery'],['Historical'],7.39,134,15.0,49.0,2004-10-09,2010-10-09
3303,Love Luck,manga,finished,"['Comedy', 'Romance']",[],7.32,1804,1.0,6.0,2007-01-01,2008-01-01
4666,Nogizaka Haruka no Himitsu,manga,finished,"['Comedy', 'Ecchi', 'Romance']",[],7.37,839,4.0,29.0,2006-08-26,2010-06-26
485,Love Hina,manga,finished,"['Award Winning', 'Comedy', 'Ecchi', 'Romance']",['Harem'],7.8,36043,14.0,120.0,1998-10-21,2001-10-31
12152,Kidou Senshi Gundam Unicorn: Bande Dessinee,manga,finished,"['Drama', 'Sci-Fi']",['Mecha'],7.46,138,17.0,78.0,2010-01-26,2016-12-26
15117,Koi no Kotoba,manga,finished,"['Drama', 'Ecchi', 'Romance', 'Slice of Life']",[],6.26,940,1.0,13.0,2013-06-01,2014-06-01
782,Darker than Black: Shikkoku no Hana,manga,finished,"['Action', 'Drama', 'Sci-Fi', 'Supernatural']",['Super Power'],7.85,5533,4.0,33.0,2009-05-15,2011-01-21
8259,Tsuki Yadoru,manga,finished,"['Boys Love', 'Drama', 'Erotica']",[],6.96,798,1.0,9.0,2003-01-01,2003-01-01
20359,Sabi no Yume,manga,finished,"['Boys Love', 'Comedy', 'Erotica', 'Sci-Fi']",[],6.86,114,2.0,13.0,2014-12-19,2017-04-22
22185,100-man Pound no Ai,manga,finished,"['Drama', 'Romance', 'Sci-Fi']",[],6.65,133,1.0,7.0,1982-07-24,1984-11-01
9429,Hatsukoi Shinjuu,manga,finished,"['Drama', 'Romance']",[],6.68,1710,3.0,38.0,2013-12-09,2014-08-25
4310,Code Geass: Nightmare of Nunnally,manga,finished,"['Action', 'Supernatural']","['Mecha', 'School', 'Super Power']",7.05,4118,5.0,26.0,2007-06-26,2009-04-25
14999,Harenchi,manga,finished,[],['School'],6.78,327,1.0,3.0,2002-01-01,2002-01-01
11939,Sketchbook: Shucchouban,manga,finished,"['Comedy', 'Slice of Life']","['CGDCT', 'Iyashikei', 'Visual Arts']",7.35,162,1.0,13.0,2002-12-10,2005-08-15
12061,Blue Drop,manga,finished,"['Drama', 'Ecchi', 'Erotica', 'Girls Love', 'Sci-Fi']",[],6.47,1538,1.0,5.0,2004-06-27,2005-12-27
23227,May no Maiden,manga,finished,['Drama'],"['High Stakes Game', 'Strategy Game']",6.59,120,4.0,26.0,2017-04-22,2019-07-22
8516,Kimi no Nioi ga Suki,manga,finished,"['Boys Love', 'Erotica']",[],7.03,598,1.0,10.0,2012-04-03,2014-01-07
11986,Con Con x Honey,manga,finished,"['Comedy', 'Fantasy']",['School'],6.91,390,1.0,4.0,2007-05-01,2007-07-01
21479,Bokura no Katakoi Melancholy,manga,finished,"['Boys Love', 'Erotica']",['School'],6.63,159,1.0,5.0,2014-10-01,2015-01-05
12320,Ore wa Mada Honki Dashitenai dake,manga,finished,"['Comedy', 'Slice of Life']",[],6.75,575,5.0,36.0,2007-01-25,2012-06-25
10265,Eye Level,manga,finished,"['Drama', 'Romance']",[],7.16,298,1.0,4.0,2003-01-01,2003-01-01
17519,Igyoujin Oniwakamaru,manga,finished,"['Action', 'Supernatural']",[],6.49,407,4.0,33.0,2003-01-01,2004-01-01
18991,More Than Red,manga,finished,"['Boys Love', 'Erotica']",[],6.85,145,1.0,6.0,2016-06-24,2017-05-25
8536,Dare ga Omae wo Suki dato Itta,manga,finished,"['Boys Love', 'Drama', 'Erotica']",[],7.03,594,1.0,8.0,2005-01-01,2023-04-02
12328,Takamagahara,manga,finished,"['Action', 'Comedy', 'Supernatural']","['School', 'Super Power']",6.32,2098,2.0,17.0,2012-07-09,2012-11-05
7179,Daraku no Ou,light_novel,finished,"['Fantasy', 'Supernatural']",[],7.61,309,2.0,13.0,2015-12-26,2016-04-30
2476,Jealousy,manga,finished,"['Boys Love', 'Drama', 'Erotica']",[],7.73,1283,5.0,29.0,2016-07-30,2021-05-28
18723,Gekiga Yose: Shibahama,manga,finished,"['Comedy', 'Slice of Life']",[],6.83,159,1.0,8.0,2009-07-03,2009-07-03
20218,Kimi wa Junai ni Fusawashii,manga,finished,"['Boys Love', 'Erotica']",['School'],6.82,128,1.0,7.0,2019-06-20,2019-12-19
15016,Oishii Otoko,manga,finished,"['Boys Love', 'Erotica', 'Romance']",[],6.57,558,1.0,5.0,2011-01-01,2011-01-01
13440,Tsuyameku Hishatai,manga,finished,"['Boys Love', 'Erotica']",[],6.8100000000000005,394,1.0,5.0,2007-01-01,2023-04-02
20082,Amnesia Joker,manga,finished,"['Drama', 'Romance']",[],6.87,116,1.0,7.0,2013-06-01,2013-06-01
14876,Mama to Sensei,manga,finished,['Hentai'],[],6.84,288,1.0,7.0,2014-03-22,2015-03-05
19146,Going Otome,manga,finished,['Hentai'],[],6.71,196,1.0,9.0,2008-07-17,2011-04-17
612,Detroit Metal City,manga,finished,['Comedy'],"['Gag Humor', 'Music']",8.02,5560,10.0,114.0,2005-04-22,2010-04-23
5789,Kemono Renairon,manga,finished,"['Comedy', 'Drama', 'Romance']",['School'],7.16,922,1.0,4.0,2009-04-24,2009-04-24
17430,Green Light,light_novel,finished,"['Boys Love', 'Erotica', 'Romance']",[],6.96,142,1.0,3.0,2007-01-01,2007-01-01
2098,Code Geass: Hangyaku no Lelouch,light_novel,finished,"['Action', 'Adventure', 'Drama', 'Sci-Fi']",['Mecha'],7.97,1295,5.0,28.0,2007-04-28,2008-03-01
15227,Shiawase no Category,manga,finished,"['Boys Love', 'Drama', 'Erotica']",[],6.74,349,1.0,6.0,2002-06-01,2002-06-01
6754,Hatsukoi no Tsuzuki,manga,finished,['Romance'],[],7.23,581,1.0,4.0,2010-01-01,2023-04-02
19694,Oresama Tengoku! Rojiura no Ningyo,manga,finished,"['Boys Love', 'Erotica', 'Fantasy']",[],6.54,255,1.0,7.0,2007-01-01,2023-04-02
1786,Ne Ne Ne,manga,finished,"['Comedy', 'Romance', 'Slice of Life', 'Supernatural']",[],7.4,6682,1.0,7.0,2016-07-12,2017-08-12
233,Sabishisugite Lesbian Fuuzoku ni Ikimashita Report,manga,finished,['Slice of Life'],['Memoir'],8.12,24731,1.0,6.0,2016-06-17,2016-06-17
149,Love So Life,manga,finished,"['Romance', 'Slice of Life']",['Childcare'],8.31,24629,17.0,111.0,2008-04-15,2015-07-18
20417,Ha-Ha,manga,finished,['Hentai'],[],6.69,166,1.0,11.0,2004-08-05,2004-08-05
21425,Ningen Shikkaku,manga,finished,['Drama'],"['Historical', 'Psychological']",6.31,259,1.0,4.0,2007-07-01,2007-07-01
16637,Pokémon HGSS,manga,finished,"['Adventure', 'Comedy']",[],6.99,151,2.0,23.0,2010-01-01,2023-04-02
21557,Re:teen: Mayu no Naka de Mou Ichido 10-dai no Kimi to Au,manga,finished,"['Mystery', 'Sci-Fi']",[],6.8,108,3.0,14.0,2015-07-27,2016-08-27
709,Koi dano Ai dano,manga,finished,"['Comedy', 'Romance']",['School'],8.06,4218,11.0,46.0,2009-10-10,2016-04-09
16387,Shin Megami Tensei Devil Children,manga,finished,"['Action', 'Adventure', 'Fantasy', 'Sci-Fi', 'Supernatural']",['Mythology'],7.01,151,5.0,26.0,2001-03-06,2023-04-02
11540,Dennou Believers,manga,finished,[],['School'],7.13,250,4.0,19.0,2006-04-06,2007-12-06
19034,Kiss to Kirai no Hantai,manga,finished,"['Boys Love', 'Erotica', 'Romance']",['School'],6.41,355,1.0,5.0,2003-10-01,2006-09-01
5939,Kinnikuman II-sei,manga,finished,"['Action', 'Comedy']","['Martial Arts', 'Super Power']",7.59,424,29.0,300.0,1997-01-01,2004-01-01
20366,Baby.,manhua,finished,"['Action', 'Mystery', 'Sci-Fi']",[],6.58,212,5.0,25.0,2008-01-01,2012-01-01
5676,Aiki-S,manga,finished,"['Action', 'Adventure', 'Comedy', 'Ecchi']",['Martial Arts'],7.0,1914,9.0,61.0,2013-01-19,2018-01-16
8071,Shimaism,manga,finished,"['Comedy', 'Erotica', 'Girls Love', 'Slice of Life']",['School'],6.87,1186,3.0,34.0,2009-02-12,2012-12-12
7924,"Sensei, Ore ni Kamawazu Itte Kudasai!!",manga,finished,"['Comedy', 'Erotica']",[],6.68,5274,6.0,59.0,2018-08-18,2021-06-06
19643,Dol-Ota no Boku desu ga Shinken ni Idol Mezashimasu!?,manga,finished,"['Boys Love', 'Erotica']","['Crossdressing', 'School']",6.77,157,1.0,6.0,2016-05-24,2017-02-24
9110,Puppy Lovers,manga,finished,"['Ecchi', 'Romance']",[],6.62,3008,3.0,49.0,2010-01-25,2014-05-10
2153,Nejimaki Seirei Senki: Tenkyou no Alderamin,manga,finished,"['Action', 'Fantasy']",[],7.44,2891,7.0,32.0,2014-05-27,2017-05-27
19352,"""Watashi ga Inakutemo Shiawase ni Natte Kudasai"" Nante, Fuzakenna.",manga,finished,"['Drama', 'Romance']",[],6.86,133,1.0,8.0,2020-02-27,2020-02-27
22110,Jinki:Extend,manga,finished,"['Action', 'Ecchi', 'Supernatural']",['Mecha'],6.72,116,9.0,53.0,2002-02-28,2006-06-30
21307,Baba Yaga,manga,finished,"['Drama', 'Fantasy', 'Horror']","['Mythology', 'Psychological']",6.38,246,3.0,12.0,2007-11-27,2012-02-27
524,Ano Hi Mita Hana no Namae wo Bokutachi wa Mada Shiranai.,manga,finished,['Drama'],[],8.17,5547,3.0,13.0,2012-04-04,2013-04-04
15541,Kimi koso Boku no Koimonogatari,manga,finished,['Romance'],[],6.62,447,1.0,5.0,2010-01-01,2010-01-01
9072,Wolfull Moon,manga,finished,['Supernatural'],['Mythology'],6.79,1162,1.0,4.0,2012-05-02,2012-08-20
6572,Akutou Danshi Collection,manga,finished,"['Comedy', 'Romance']",['School'],6.96,1472,1.0,6.0,2005-01-01,2005-01-01
22121,Mon Mon Animal Girl,manga,finished,['Hentai'],[],6.57,158,1.0,16.0,2011-04-14,2013-02-14
8203,"Sennen no Tsubasa, Hyakunen no Yume: les Gardiens du Louvre",manga,finished,[],[],7.12,512,1.0,5.0,2014-09-20,2014-11-20
8092,Chijou Saikyou no Otoko Ryuu,manga,finished,['Action'],"['Martial Arts', 'Super Power']",7.4,310,2.0,18.0,1976-12-08,1977-04-20
19371,Unmei no Aite ga Yayakoshii!,manga,finished,['Romance'],['Magical Sex Shift'],6.9,121,2.0,14.0,2018-06-01,2020-08-01
7016,Kimi ni shika Kikoenai: Calling You,light_novel,finished,['Drama'],[],7.65,312,1.0,3.0,2001-05-31,2001-05-31
20193,Boku no Goshujinsama,manga,finished,"['Boys Love', 'Erotica', 'Fantasy']",['School'],6.24,338,1.0,8.0,2008-01-01,2008-01-01
16580,Aishitagari no Maison,manga,finished,"['Comedy', 'Romance']",[],6.84,217,6.0,39.0,2019-08-20,2021-06-05
3592,"Hoshi to Kuzu: Don't Worry, Be Happy!",manga,finished,['Romance'],[],7.2,2642,4.0,16.0,2015-09-01,2017-02-13
20502,-50kg no Cinderella,manga,finished,['Romance'],[],6.57,211,6.0,33.0,2018-01-19,2021-11-19
5204,Cupid ni Rakurai: Tsuigeki,manga,finished,"['Boys Love', 'Erotica']",['School'],7.46,604,1.0,7.0,2019-02-27,2019-10-28
15692,Tsuujou Kougeki ga Zentai Kougeki de 2-kai Kougeki no Okaasan wa Suki desu ka?,manga,finished,"['Adventure', 'Comedy', 'Fantasy']",[],6.17,886,5.0,32.0,2017-09-26,2021-01-18
19816,Eien no Yoru no Hate,manga,finished,"['Boys Love', 'Erotica', 'Supernatural']",['Vampire'],6.6,223,1.0,6.0,2014-12-24,2015-12-25
10712,Daddy Darling,manga,finished,"['Boys Love', 'Drama', 'Slice of Life']",[],7.27,225,1.0,5.0,2018-04-15,2018-12-15
4515,Kanna to Decchi,manga,finished,"['Comedy', 'Romance']",[],7.24,1243,7.0,28.0,2014-06-13,2016-11-11
4820,Kawaii Anata,manga,finished,"['Comedy', 'Erotica', 'Girls Love', 'Romance']",['School'],7.17,1390,1.0,6.0,2007-07-18,2007-07-18
13343,Chiko no Negai,manga,finished,"['Comedy', 'Drama', 'Fantasy']",[],6.96,271,1.0,6.0,2002-01-01,2002-01-01
14339,Chuu Chuu Cherry,manga,finished,['Hentai'],[],6.9,268,1.0,13.0,2008-07-17,2010-04-29
23126,Tenshi no Otsutome♥,manga,finished,['Hentai'],[],6.62,116,2.0,16.0,1999-11-16,2000-02-16
814,Mahouka Koukou no Rettousei: Nyuugaku-hen,manga,finished,"['Sci-Fi', 'Supernatural']",['School'],7.74,7658,4.0,23.0,2011-12-17,2013-09-18
1719,Love-Berrish!,manga,finished,"['Comedy', 'Romance']",['School'],7.42,6560,5.0,25.0,2005-08-03,2007-05-01
10642,Ganbare Genki,manga,finished,"['Award Winning', 'Sports']",['Combat Sports'],7.57,159,28.0,225.0,1976-01-01,1981-01-01
23806,Shi no Tori,manga,finished,"['Drama', 'Horror', 'Supernatural']",[],6.36,141,3.0,23.0,2018-04-25,2019-03-13
20104,Ai♥Heya,manga,finished,"['Romance', 'Slice of Life']",[],6.88,113,1.0,5.0,2008-03-26,2008-03-26
1246,Touhou Bougetsushou: Silent Sinner in Blue.,manga,finished,"['Action', 'Fantasy', 'Supernatural']","['Mythology', 'Super Power', 'Vampire']",7.79,3078,3.0,21.0,2007-07-01,2009-10-09
17489,In the Room,manga,finished,"['Drama', 'Horror', 'Supernatural']",[],4.78,713,1.0,6.0,2013-08-19,2014-01-18
19349,Kousha no Ura ni wa Tenshi ga Umerareteiru,manga,finished,['Romance'],['School'],6.59,245,7.0,26.0,2011-08-11,2014-04-12
21537,Cutie Honey Tai Devilman Lady,manga,finished,['Ecchi'],['Mythology'],5.78,312,1.0,3.0,2013-06-05,2013-10-04
14594,Korokoro Soushi: Ooedo Kisou Tengai,manga,finished,['Horror'],[],6.83,309,1.0,12.0,2004-05-07,2004-05-07
14187,Barcode Geass: Hanbai no Lelouch,manga,finished,['Comedy'],['Parody'],6.77,383,1.0,13.0,2011-05-09,2023-04-02
21226,Hitozuma x Netorare,manga,finished,['Hentai'],[],6.67,152,1.0,5.0,2015-08-05,2016-12-05
17314,Aniki to Isshoja Nemurenai,manga,finished,"['Boys Love', 'Erotica']",[],6.51,405,1.0,6.0,2016-01-01,2016-01-01
18109,Kunoichi Gakuen Ninpouchou - Yogakure,manga,finished,"['Action', 'Comedy']",['Harem'],6.74,215,2.0,13.0,2010-12-09,2012-04-09
5771,Boogiepop wa Warawanai,manga,finished,"['Drama', 'Mystery', 'Supernatural']",['School'],7.14,982,2.0,22.0,1999-08-07,2002-06-18
20414,Unmei no Hito,manga,finished,"['Boys Love', 'Drama']",['School'],6.8100000000000005,127,1.0,6.0,2018-08-25,2019-05-08
5301,Atsu♡Atsu Trattoria,manga,finished,['Romance'],[],7.07,1660,1.0,4.0,2006-02-24,2006-09-13
11709,Pygmalion,manga,finished,"['Action', 'Fantasy', 'Horror']",[],6.22,3815,3.0,19.0,2015-10-05,2017-06-10
3429,Kimi ga Koi ni Midareru,manga,finished,"['Boys Love', 'Erotica']",[],7.47,1154,2.0,12.0,2011-07-30,2013-11-30
13552,Caravan Kidd,manga,finished,"['Adventure', 'Comedy', 'Sci-Fi']",[],6.96,262,5.0,30.0,1986-07-25,1988-12-01
13053,Furuya-sensei wa An-chan no Mono,manga,finished,"['Comedy', 'Romance']",['School'],6.9,330,12.0,59.0,2016-09-03,2020-08-03
12970,Times Two,manga,finished,"['Romance', 'Slice of Life']",[],6.91,326,1.0,5.0,2002-04-24,2023-04-02
3331,Ookami Kodomo no Ame to Yuki,novel,finished,"['Drama', 'Fantasy', 'Slice of Life']",['Childcare'],8.14,706,1.0,4.0,2012-06-22,2012-06-22
16666,Sukinandakedo,manga,finished,"['Boys Love', 'Erotica']",[],7.09,121,1.0,8.0,2023-04-02,2023-04-02
19055,14 Juicy,manga,finished,"['Comedy', 'Ecchi', 'Slice of Life']",['School'],6.5,307,2.0,33.0,2006-01-01,2007-01-01
2767,Kimi ni Todoke,light_novel,finished,['Romance'],['School'],7.87,976,16.0,156.0,2007-08-01,2015-12-25
9822,Sensei to Himitsu,manga,finished,"['Boys Love', 'Drama', 'Erotica']",['School'],6.91,602,1.0,6.0,2023-04-02,2023-04-02
8353,Kimi-iro Eden,manga,finished,"['Boys Love', 'Erotica', 'Slice of Life']",[],7.19,423,1.0,6.0,2013-12-27,2014-11-29
4881,Croquis,manga,finished,"['Boys Love', 'Drama', 'Erotica', 'Romance']",[],7.0,3659,1.0,7.0,2004-01-01,2004-01-01
1514,Working!!,manga,finished,"['Comedy', 'Slice of Life']",['Workplace'],7.67,2901,13.0,281.0,2004-12-17,2014-11-07
24201,Misakura Nankotsu ni Yoroshiku,doujinshi,finished,['Hentai'],[],6.35,125,1.0,5.0,2011-11-26,2011-11-26
12147,Aa! Megami-sama!: Chicchai tte Koto wa Benri da ne,manga,finished,"['Comedy', 'Supernatural']",[],6.91,378,1.0,73.0,1996-10-23,1996-10-23
13820,Chiaki-senpai no Iutoori,manga,finished,['Romance'],['School'],6.71,481,1.0,5.0,2015-12-12,2016-06-13
13523,Mahouka Koukou no Rettousei SS,light_novel,finished,"['Action', 'Sci-Fi', 'Supernatural']",['School'],7.29,138,1.0,5.0,2016-05-10,2016-05-10
15099,Ketsuen Jukujo,manga,finished,['Hentai'],[],6.86,263,1.0,8.0,2011-10-05,2013-08-05
21857,Sanbiki ga Iku!!!,manga,finished,"['Boys Love', 'Comedy', 'Erotica']",[],6.75,114,1.0,5.0,2004-03-10,2004-12-10
10741,Love Allergy,manga,finished,['Romance'],[],7.07,329,4.0,20.0,1998-01-01,1998-01-01
19063,Mikazuki Kottouhinten no Kanban Neko,manga,finished,"['Boys Love', 'Drama']",[],6.58,263,1.0,6.0,2017-04-26,2017-08-16
3003,Rappi Rangai,manga,finished,"['Action', 'Comedy', 'Ecchi', 'Romance', 'Supernatural']","['Harem', 'Historical']",7.29,2591,9.0,48.0,2005-08-26,2011-02-26
2567,"Ijimeru Aitsu ga Warui no ka, Ijimerareta Boku ga Warui no ka?",manga,finished,"['Drama', 'Suspense']","['Psychological', 'School']",7.32,3352,6.0,30.0,2020-06-05,2022-06-17
24570,Renai Hokou,manga,finished,"['Boys Love', 'Erotica']",[],6.17,110,1.0,6.0,2006-01-01,2023-04-02
988,Deep Love: Pao no Monogatari,manga,finished,"['Drama', 'Slice of Life']",[],7.89,3519,2.0,11.0,2005-01-01,2005-01-01
3633,Angel Heart,manga,finished,"['Action', 'Comedy', 'Drama', 'Mystery', 'Romance']",[],7.44,1118,33.0,363.0,2001-05-15,2010-08-06
21829,Bad Prince Honey Party,manga,finished,"['Boys Love', 'Erotica']",[],6.6,158,1.0,6.0,2015-12-28,2017-06-22
10199,Koi no Shikata ga Wakaranai,manga,finished,"['Boys Love', 'Erotica']",[],7.16,301,1.0,6.0,2020-03-30,2020-12-05
9295,Shinjuku DxD,manga,finished,"['Action', 'Drama', 'Mystery', 'Sci-Fi', 'Suspense']","['Detective', 'Psychological']",6.97,576,5.0,44.0,2014-02-27,2016-03-10
18593,[zion],manga,finished,"['Action', 'Mystery', 'Supernatural']",[],6.54,307,3.0,18.0,2005-10-28,2007-03-28
18112,Hahaoya Shikkaku: Watashi to Musuko no Mesu Buta Netorare Fukushuugeki,doujinshi,finished,['Hentai'],[],6.73,220,1.0,4.0,2012-02-18,2012-02-18
6729,Majo x Shota,manga,finished,"['Fantasy', 'Hentai', 'Supernatural']",[],7.27,538,1.0,11.0,2012-10-20,2013-09-21
6832,Boku ga Watashi ni Naru Tame ni,manga,finished,[],[],7.33,468,1.0,8.0,2016-03-10,2016-04-21
12748,10 kara Hajimeru Loli Bitch,manga,finished,['Hentai'],[],6.94,314,1.0,8.0,2014-04-21,2017-03-30
22191,Life Game,manga,finished,['Horror'],['Psychological'],5.5600000000000005,279,4.0,28.0,2017-08-01,2020-01-21
8362,Akuryou Series,light_novel,finished,"['Mystery', 'Supernatural']",[],7.61,239,8.0,49.0,1989-01-01,1992-01-01
8135,Ichijou Kaname to wa Kakawaranai,manga,finished,"['Romance', 'Supernatural']","['School', 'Time Travel']",7.04,641,2.0,11.0,2016-04-20,2017-01-25
14615,Kanojo no Sekai,manga,finished,"['Erotica', 'Girls Love', 'Romance']",['School'],6.3,1018,1.0,4.0,2011-02-19,2011-01-01
23324,Marble Chocolate,doujinshi,finished,"['Girls Love', 'Romance', 'Slice of Life']",[],6.35,164,1.0,1.0,2008-12-30,2008-12-30
7013,Sen to Man,manga,finished,['Slice of Life'],[],6.97,1183,3.0,33.0,2012-07-21,2016-06-25
6429,Kono Kamen no Akuma ni Soudan wo!,manga,finished,"['Comedy', 'Fantasy']",[],7.39,468,2.0,12.0,2018-02-27,2019-01-26
14465,Senyuu.: Main Quest Dai-2 Shou,manga,finished,"['Adventure', 'Comedy', 'Fantasy']",[],7.36,109,6.0,95.0,2014-06-25,2017-03-01
10503,Bokunchi no Mikage-san,manga,finished,['Hentai'],[],7.12,308,1.0,10.0,2010-09-30,2011-10-29
10197,Ourou,manga,finished,"['Action', 'Sci-Fi']","['Historical', 'Time Travel']",6.6,1842,1.0,3.0,1989-03-25,1989-05-25
12893,Tadashikunai Renai no Susume,manga,finished,"['Ecchi', 'Romance']",[],6.05,2541,1.0,7.0,2013-06-10,2013-12-10
7518,Honey Rabbit!,manga,finished,"['Comedy', 'Romance']",[],7.07,702,1.0,7.0,2010-07-28,2013-10-28
6702,Fake Fact Lips,manga,finished,"['Boys Love', 'Erotica']",[],7.47,395,1.0,7.0,2020-04-24,2021-03-24
15175,Muku na Koushaku Fujin,manga,finished,['Romance'],[],6.74,353,1.0,5.0,2023-04-02,2023-04-02
3186,"Sen wa, Boku wo Egaku",manga,finished,['Drama'],['Visual Arts'],7.61,1026,4.0,32.0,2019-06-19,2020-02-12
11172,Sensei no Kudokikata,manga,finished,"['Boys Love', 'Erotica']",[],6.66,1002,1.0,8.0,2008-01-01,2008-01-01
2805,IO,manga,finished,"['Drama', 'Ecchi', 'Mystery', 'Romance', 'Supernatural']",['Harem'],7.36,2198,10.0,55.0,1999-08-19,2004-10-15
11416,Obocchama no Otanoshimi,manga,finished,['Romance'],[],6.69,853,1.0,5.0,2023-04-02,2023-04-02
2928,Ebisu-san to Hotei-san,manga,finished,"['Drama', 'Girls Love', 'Slice of Life']",[],7.33,2260,1.0,5.0,2009-02-12,2010-02-12
9788,Boku to Kanojo no Koi Log,manga,finished,"['Comedy', 'Ecchi', 'Romance']",['School'],6.53,3461,3.0,19.0,2011-09-09,2013-03-09
2391,Yumekui Kenbun,manga,finished,"['Drama', 'Fantasy', 'Horror', 'Supernatural']",['Mythology'],7.8,1249,9.0,66.0,2001-01-01,2007-01-01
16239,Katsuragi-san wa Tori Tsukare Yasui,manga,finished,"['Boys Love', 'Erotica', 'Supernatural']",[],6.85,224,1.0,6.0,2017-08-25,2018-02-27
12039,Chime♪: Peach na Seito to Banana na Kyoushi,manga,finished,"['Boys Love', 'Erotica']",['School'],6.85,458,1.0,9.0,2005-07-25,2007-03-24
23706,Aishiau Koto Shika Dekinai,manga,finished,"['Drama', 'Romance']",[],6.31,153,1.0,6.0,1994-01-01,1994-01-01
21232,Jesus!,manga,finished,['Romance'],['School'],6.47,222,1.0,5.0,2000-01-01,2000-01-01
18296,Kootetsu no Hana,manga,finished,[],['Historical'],6.87,153,1.0,5.0,2003-08-20,2005-09-15
12695,Kakushigoto,novel,finished,['Drama'],['School'],7.22,177,1.0,7.0,2015-08-22,2016-05-21
16927,Mononoke Acme,manga,finished,['Hentai'],[],6.82,216,1.0,12.0,2006-07-29,2010-03-29
18043,Kasou Ryouiki no Elysion,light_novel,finished,"['Action', 'Fantasy']",[],6.83,177,3.0,21.0,2013-12-25,2014-07-25
8764,Mainichi Seiten,manga,finished,"['Boys Love', 'Comedy', 'Erotica']",[],7.08,488,2.0,8.0,2000-01-01,2023-04-02
19571,"Blue Moon, Blue: Between the Sheets",manga,finished,"['Boys Love', 'Erotica']",[],6.83,139,1.0,6.0,2013-10-30,2014-10-30
22419,Ai ni Chimayoe!,manga,finished,"['Boys Love', 'Erotica']",[],6.53,160,1.0,7.0,2013-09-25,2015-05-29
14884,Chihira-kun wa Maryoku ga Tarinai,manga,finished,"['Boys Love', 'Comedy', 'Erotica', 'Supernatural']",['School'],6.86,272,1.0,6.0,2018-09-29,2019-08-31
18764,Hitomi: The Vision of Escaflowne,manga,finished,['Action'],['Isekai'],6.27,432,2.0,10.0,1996-04-08,2007-01-18
19429,Phantom Wizard,manga,finished,"['Action', 'Adventure', 'Fantasy']",[],6.45,311,3.0,20.0,2000-07-01,2001-09-01
3185,Shinmai Maou no Testament,manga,finished,"['Action', 'Ecchi', 'Fantasy', 'Romance']",[],7.17,5150,9.0,46.0,2013-05-25,2017-04-26
2925,Tenkuu Shinpan,manga,finished,"['Action', 'Horror', 'Mystery']",['Gore'],7.15,16454,21.0,258.0,2013-12-05,2019-04-04
2794,"Maou Gakuin no Futekigousha: Shijou Saikyou no Maou no Shiso, Tensei shite Shison-tachi no Gakkou e Kayou",manga,discontinued,['Fantasy'],['School'],7.23,4971,4.0,16.0,2018-07-04,2021-07-07
15714,Boku Girl: Boku no Arbeit,light_novel,finished,"['Comedy', 'Romance', 'Supernatural']",['Magical Sex Shift'],7.21,113,1.0,7.0,2015-09-18,2015-09-18
20886,Hanauta Apartment,doujinshi,finished,"['Boys Love', 'Erotica', 'Romance', 'Slice of Life']",[],6.36,270,1.0,2.0,2007-01-01,2007-01-01
16241,Kuro Loli: Black Lolita Field,manga,finished,['Hentai'],[],6.88,208,1.0,14.0,2009-12-28,2009-12-28
18221,Romantic ja Mono Tarinai,manga,finished,"['Boys Love', 'Erotica']",[],6.98,121,1.0,6.0,2017-10-27,2018-11-28
21353,Bravely Default: Flying Fairy,manga,finished,"['Adventure', 'Fantasy']",[],6.54,194,4.0,20.0,2014-11-06,2017-01-19
13774,Wrestle! The Under Ground,manga,finished,"['Action', 'Comedy', 'Ecchi', 'Romance']","['Martial Arts', 'School']",6.29,1307,4.0,21.0,2009-11-27,2012-11-27
132,Spirit Circle,manga,finished,"['Action', 'Adventure', 'Comedy', 'Drama', 'Romance', 'Supernatural']",['Reincarnation'],8.5,17357,6.0,45.0,2012-05-30,2016-03-30
1921,Senyuu.,manga,finished,"['Adventure', 'Comedy', 'Fantasy']",[],7.95,1457,2.0,32.0,2012-05-02,2013-04-04
13957,Tsuki to Laika to Nosferatu,light_novel,finished,['Sci-Fi'],"['Space', 'Vampire']",7.4,112,7.0,58.0,2016-12-20,2021-10-19
8898,Kamisama no Inai Nichiyoubi,light_novel,finished,"['Fantasy', 'Mystery']",[],7.56,222,9.0,45.0,2010-01-20,2014-05-20
13299,Joker Trap,doujinshi,finished,"['Boys Love', 'Erotica', 'Romance']",[],6.47,1031,2.0,2.0,2009-01-01,2023-04-02
21484,Ao no Senshi,manga,finished,[],[],6.49,207,1.0,9.0,1980-10-14,1981-06-15
8638,Tabecha Dame,manga,finished,"['Comedy', 'Romance']",[],6.88,930,1.0,4.0,2006-01-01,2006-01-01
10912,Ouji to Joujin,manga,finished,"['Boys Love', 'Erotica', 'Romance']",[],6.94,440,1.0,6.0,2008-05-29,2008-05-29
19715,Karesen Joshikousei to Tokikake Ojisan,manga,finished,"['Comedy', 'Romance']","['School', 'Time Travel']",6.87,123,2.0,18.0,2019-11-13,2021-08-25
10290,"Kore wa Ai ja Nai node, Yoroshiku",manga,finished,['Romance'],[],6.77,867,5.0,22.0,2016-03-12,2017-10-13
23443,Tsuntsun Shichau Otoshigoro,manga,finished,['Hentai'],['School'],6.64,102,1.0,11.0,2008-10-16,2010-10-15
15022,Gekogeko,manga,finished,['Comedy'],[],6.79,318,1.0,9.0,2002-03-01,2004-09-30
2987,Gals!,manga,finished,"['Comedy', 'Drama', 'Romance', 'Slice of Life']",['School'],7.41,1657,10.0,40.0,1999-08-01,2002-07-15
21080,Kokuhaku Gokko,manga,finished,"['Drama', 'Romance']",[],6.29,280,1.0,4.0,2005-01-01,2005-01-01
23948,Monitoring Black Site,manga,finished,"['Mystery', 'Supernatural']",[],6.47,118,1.0,4.0,2010-12-06,2011-05-06
24359,Chibo Kyuu,manga,finished,['Hentai'],[],6.3,120,1.0,10.0,2006-10-24,2007-04-07
21179,Genei Hakurankai,manga,finished,['Mystery'],[],6.8,115,4.0,40.0,2000-02-29,2011-01-29
19892,Yotsunoha,manga,finished,"['Comedy', 'Drama', 'Romance']",[],6.49,270,1.0,8.0,2008-01-30,2008-07-30
4760,Narcissu,light_novel,finished,['Drama'],[],7.89,489,1.0,8.0,2008-07-25,2008-07-25
19153,Kamachi Kazuma Toaru Majutsu no Index 10-shuunen: Shokuhou Misaki Figure-hen,light_novel,finished,['Supernatural'],[],6.85,141,1.0,8.0,2015-07-24,2015-07-24
4111,Smokin' Parade,manga,finished,"['Drama', 'Supernatural']",[],7.11,3030,10.0,49.0,2015-08-26,2021-04-26
7877,Macaroni,manga,finished,"['Action', 'Adventure', 'Boys Love', 'Comedy', 'Erotica']",['Historical'],7.28,396,2.0,10.0,2004-10-25,2005-08-25
12659,Hoshi wo Ou Kodomo,manga,finished,"['Adventure', 'Fantasy', 'Romance']",[],7.17,194,3.0,14.0,2011-05-02,2012-07-05
1384,Saruyama!,manga,finished,['Romance'],['School'],7.56,4866,8.0,33.0,2004-08-24,2008-02-13
4152,Daikirai na Aitsu!,manga,finished,"['Boys Love', 'Erotica', 'Romance']",[],7.21,1711,1.0,6.0,2009-01-01,2009-01-01
20190,Crazy Love Story,manhwa,finished,"['Drama', 'Romance']",['Psychological'],6.68,177,5.0,44.0,2004-01-01,2023-04-02
3738,Touhou Bougetsushou: Cage in Lunatic Runagate.,light_novel,finished,['Supernatural'],"['Mythology', 'Super Power']",7.94,660,1.0,9.0,2007-06-25,2009-06-25
18483,Chocolate Girl Extra,manga,finished,"['Comedy', 'Romance']",[],6.72,212,1.0,4.0,2012-03-08,2013-08-08
13384,Kimi wo Omou Toki,manga,finished,['Romance'],['School'],6.75,467,1.0,3.0,2023-04-02,2023-04-02
15887,Ohisama ni Kiss,manga,finished,['Romance'],['School'],6.4,648,1.0,5.0,2014-12-24,2015-02-24
21184,Elite Ω wa Yoru ni Oborete,manga,finished,"['Boys Love', 'Drama', 'Erotica']",[],6.79,117,4.0,23.0,2017-07-05,2019-11-27
19351,Penguin Musume,manga,finished,"['Comedy', 'Ecchi', 'Slice of Life']","['Otaku Culture', 'School']",6.86,133,3.0,72.0,2023-04-02,2023-04-02
23030,Yurikamone,doujinshi,finished,"['Drama', 'Girls Love', 'Supernatural']",[],6.42,165,1.0,3.0,2013-08-11,2013-08-11
15622,Suki ni Natte wa Ikenai Hito,manga,finished,['Romance'],['School'],6.82,267,1.0,4.0,2013-04-20,2013-09-05
4533,Take Over Zone,manga,finished,"['Boys Love', 'Sports']",['School'],7.31,1004,2.0,10.0,2008-11-22,2010-07-22
21708,Adeotoko Shichihenge,manga,finished,['Romance'],['School'],6.45,210,1.0,6.0,2009-12-24,2009-12-24
1157,Aa! Megami-sama!,manga,finished,"['Award Winning', 'Comedy', 'Fantasy', 'Romance']",[],7.59,6761,48.0,308.0,1988-08-25,2014-04-25
17913,Tetsuwan Birdy,manga,finished,"['Action', 'Comedy', 'Sci-Fi']",[],6.58,317,1.0,10.0,1985-01-01,1988-01-01
335,Mahou Sensei Negima!,manga,finished,"['Action', 'Adventure', 'Comedy', 'Ecchi', 'Fantasy', 'Romance', 'Supernatural']","['Harem', 'Martial Arts', 'School']",7.93,35053,38.0,355.0,2003-02-26,2012-03-14
14957,Clover no Kuni no Alice: Futago no Koibito,manga,finished,"['Fantasy', 'Romance']",[],6.91,238,1.0,3.0,2011-08-25,2011-08-25
1136,Kono Subarashii Sekai ni Shukufuku wo! Spin-off: Kono Subarashii Sekai ni Bakuen wo!,light_novel,finished,"['Comedy', 'Fantasy']",[],8.16,2393,5.0,30.0,2014-07-01,2019-03-01
8289,Plus 20cm no Kyori,manga,finished,"['Boys Love', 'Erotica']",[],6.84,1272,1.0,6.0,2023-04-02,2023-04-02
19483,"Hero Co., Ltd.",manhwa,finished,"['Action', 'Comedy', 'Ecchi', 'Supernatural']",[],6.42,322,4.0,26.0,2009-04-15,2010-04-30
1713,Tales of Symphonia,manga,finished,"['Action', 'Adventure', 'Fantasy']",[],7.65,2478,5.0,22.0,2005-05-28,2007-01-30
12959,Megane ni Koishite,manga,finished,[],[],6.92,318,1.0,4.0,2023-04-02,2023-04-02
19630,Natsu no Zangai,manga,finished,"['Drama', 'Romance', 'Slice of Life']",['School'],6.59,235,1.0,5.0,2023-04-02,2023-04-02
18034,Ibara no Namida,manga,finished,"['Girls Love', 'Romance']",['School'],6.71,233,1.0,8.0,2011-01-18,2011-01-18
12441,Retsujou Kyoumushitsu,manga,finished,"['Boys Love', 'Erotica']",[],6.77,530,1.0,6.0,2023-04-02,2023-04-02
7838,Kuchibiru ni Suketa Orange,manga,finished,"['Erotica', 'Girls Love', 'Romance']",['School'],6.77,2369,1.0,8.0,2010-07-17,2010-07-17
16694,Joou-sama no Tamago,manga,finished,[],[],6.5,463,1.0,6.0,2008-05-02,2008-07-01
8214,Outlaw Star,manga,finished,"['Action', 'Adventure', 'Sci-Fi']",['Space'],7.25,385,3.0,17.0,1997-08-25,1999-02-24
2712,Samishigariya no Love Letter,manga,finished,"['Boys Love', 'Sci-Fi']",[],7.5,1572,1.0,5.0,2013-04-06,2014-03-25
2866,Fairy Tail,light_novel,finished,"['Action', 'Adventure', 'Comedy', 'Fantasy']",[],7.56,1289,3.0,29.0,2012-05-02,2016-03-17
18882,Byuu Byuu♡Bitch,manga,finished,['Hentai'],[],6.82,159,1.0,15.0,2009-10-24,2012-05-24
5132,Sayonara Watashi no Cramer,manga,finished,"['Drama', 'Sports']",['Team Sports'],7.37,708,14.0,55.0,2016-05-06,2020-12-04
4480,Inukami!,manga,finished,"['Action', 'Comedy', 'Ecchi', 'Romance', 'Supernatural']",[],7.3,1054,6.0,30.0,2005-10-27,2008-02-27
3749,Biohazard: Marhawa Desire,manga,finished,"['Action', 'Horror']","['Military', 'Strategy Game']",7.17,2798,5.0,41.0,2012-02-23,2013-09-26
1004,Yumemiru Taiyou,manga,finished,['Romance'],[],7.64,7453,10.0,53.0,2007-10-13,2011-08-11
16735,Nenchaku Taishitsu,manga,finished,"['Hentai', 'Romance']",[],6.88,191,1.0,10.0,2008-11-17,2008-11-17
17590,Nasu,manga,finished,['Slice of Life'],[],6.84,185,3.0,24.0,2001-07-01,2002-12-01
23618,Shinkon-san no Ecchi na Tokoro wo Michau: Anthology Comic,manga,finished,"['Ecchi', 'Romance']",[],6.5600000000000005,114,1.0,7.0,2022-03-25,2022-03-25
15234,Aoyama Gosho Tanpenshuu,manga,finished,"['Action', 'Mystery', 'Romance', 'Sci-Fi']",[],6.89,239,1.0,8.0,1986-12-01,1988-07-01
12753,Ero♡Pippi,manga,finished,['Hentai'],[],6.93,322,1.0,10.0,2012-06-28,2016-10-28
16721,Zannen Ouji to Dokuzetsu Maid,manga,finished,['Hentai'],[],6.8,233,1.0,12.0,2008-11-01,2012-07-02
18025,Trans Venus,manga,finished,['Ecchi'],['Magical Sex Shift'],6.22,515,2.0,10.0,2008-07-01,2023-04-02
22344,Unknown,manga,finished,"['Boys Love', 'Drama', 'Erotica']",['Psychological'],6.53,162,1.0,6.0,2014-06-24,2015-04-24
4481,Spicy Pink,manga,finished,['Romance'],[],7.07,2894,2.0,12.0,2006-12-28,2008-01-28
13338,Danshigurashi,manga,finished,['Comedy'],[],6.9,314,1.0,6.0,2013-01-05,2013-07-20
3099,Kanojo ni Naru Hi: Another,manga,finished,['Romance'],"['Love Polygon', 'Magical Sex Shift']",7.21,3863,4.0,20.0,2013-10-10,2016-10-08
305,Tokyo卍Revengers,manga,finished,"['Action', 'Award Winning']","['Delinquents', 'Time Travel']",7.92,118633,31.0,279.0,2017-03-01,2022-11-16
12083,Hatsukoi Izonshou,manga,finished,['Romance'],[],6.84,469,1.0,4.0,2023-04-02,2023-04-02
20662,Aoharu Cynical,manga,finished,"['Boys Love', 'Slice of Life']",[],6.52,225,1.0,6.0,2014-04-30,2014-10-30
17699,Maruko to Suugaku Ouji,manga,finished,['Romance'],['School'],6.76,219,1.0,4.0,2015-02-10,2015-08-10
9139,Yokubou Sensibility,manga,finished,"['Boys Love', 'Erotica']",[],6.99,570,1.0,6.0,2006-04-03,2006-04-03
22090,Paipain,manga,finished,['Hentai'],[],6.75,109,1.0,8.0,2009-08-29,2010-05-29
18524,Shoujo Shounen - Go! Go! Ichigo,manga,finished,[],['Crossdressing'],6.74,202,1.0,6.0,2023-04-02,2005-01-01
4447,K-On! Anthology Comic,manga,finished,"['Comedy', 'Slice of Life']","['CGDCT', 'Music', 'School']",7.4,858,5.0,77.0,2009-11-27,2011-09-27
17688,Real Lies,manhwa,finished,"['Drama', 'Romance', 'Sci-Fi']",[],6.85,178,1.0,3.0,2006-01-01,2006-01-01
8022,Demokratia,manga,finished,['Sci-Fi'],[],7.25,402,5.0,40.0,2013-08-19,2015-10-05
14701,Zero no Tsukaima Gaiden: Tabitha no Bouken,light_novel,finished,['Fantasy'],[],7.34,108,3.0,13.0,2006-10-25,2009-03-25
11651,Suki Naki Koi,manga,finished,"['Drama', 'Romance']",[],6.98,347,2.0,11.0,2012-01-01,2012-01-01
9578,Kindaichi Shounen no Jikenbo - Short File Series,manga,finished,['Mystery'],[],7.44,219,6.0,48.0,1997-06-25,2000-08-02
24154,Nikkan Tachibana,manga,finished,"['Comedy', 'Ecchi']",[],6.39,122,1.0,14.0,1999-06-01,1999-11-01
22639,Pokémon Try Adventure,manga,finished,"['Action', 'Adventure', 'Comedy', 'Fantasy']",[],6.46,171,3.0,48.0,2009-03-03,2011-02-03
15889,Masamune-kun no Re○○○,manga,finished,"['Comedy', 'Slice of Life']",[],6.58,456,1.0,12.0,2016-09-27,2017-02-27
61,Kokou no Hito,manga,finished,"['Drama', 'Sports']",['Psychological'],8.72,27004,17.0,170.0,2007-11-01,2011-10-27
786,Gomashio to Pudding,manga,finished,"['Comedy', 'Romance']",[],7.92,4631,3.0,22.0,2018-07-27,2020-04-24
18295,"5-tsu no Hajimete: Ubawaretemo Ii, Kimi ni nara",manga,finished,[],['School'],6.26,473,1.0,6.0,2013-08-05,2013-10-04
13060,Kitsune to Atori,manga,finished,"['Comedy', 'Horror', 'Supernatural']","['Historical', 'School']",6.87,359,1.0,3.0,2007-06-09,2007-06-09
7103,Datenshi ni Sasageru Uta,manga,finished,"['Boys Love', 'Erotica', 'Romance']",['Historical'],7.21,554,1.0,7.0,2008-01-01,2008-01-01
22142,Yurikan Petale,manga,finished,"['Drama', 'Erotica', 'Girls Love', 'Romance']",['School'],6.34,219,1.0,8.0,2011-12-29,2011-12-29
1305,"Owari no Seraph: Ichinose Guren, 16-sai no Catastrophe",light_novel,finished,"['Action', 'Drama', 'Supernatural']",['Vampire'],8.07,2168,7.0,46.0,2013-01-04,2016-12-02
9873,Virgin Star,manga,finished,"['Boys Love', 'Erotica']",[],6.91,596,1.0,5.0,2023-04-02,2023-04-02
3970,Kare no Iru Seikatsu,manga,finished,"['Boys Love', 'Drama', 'Erotica', 'Slice of Life']",[],7.53,842,1.0,11.0,2018-07-31,2019-07-02
13317,Lady Masquerade,manga,finished,"['Drama', 'Mystery', 'Romance']",[],6.73,503,2.0,8.0,2000-01-01,2023-04-02
9405,SOLD OUT!,manga,finished,"['Drama', 'Romance']",[],6.69,1653,1.0,6.0,2005-01-01,2005-01-01
8021,Doubutsu no Oishasan,manga,finished,"['Comedy', 'Slice of Life']","['Medical', 'School']",7.63,252,12.0,119.0,1987-01-01,1993-01-01
22014,Kudou-sensei no Majestic Days,manga,finished,"['Boys Love', 'Erotica']",['School'],6.49,187,1.0,7.0,2016-11-24,2017-08-24
4031,Fuan no Tane+,manga,finished,"['Horror', 'Supernatural']",[],7.15,2542,4.0,116.0,2007-01-25,2008-03-13
257,Girl Friends,manga,finished,['Girls Love'],['School'],8.1,22127,5.0,35.0,2006-10-21,2010-08-21
21851,Dead End Loop,manga,finished,"['Horror', 'Mystery', 'Suspense']",[],5.6,298,2.0,12.0,2018-04-07,2019-06-08
22417,Houkago Melancholy,manga,finished,['Romance'],['School'],6.4,195,1.0,4.0,2017-08-12,2017-11-13
790,Mayo Chiki!,manga,finished,"['Comedy', 'Romance']",['Crossdressing'],7.69,11101,7.0,40.0,2010-07-27,2013-11-27
13677,Kimi ga Ichiban Soba ni Iru,manga,finished,"['Boys Love', 'Erotica']",[],6.71,494,1.0,6.0,2004-01-01,2004-01-01
10759,Ogeha,manga,finished,"['Drama', 'Sci-Fi', 'Slice of Life']",[],6.47,2701,3.0,15.0,2015-02-14,2016-08-17
4940,8-gatsu no Ghost,manga,finished,"['Romance', 'Slice of Life', 'Supernatural']",[],7.14,1466,1.0,10.0,2016-08-10,2016-12-28
7176,Mushoku Tensei: 4-koma ni Nattemo Honki Dasu,manga,finished,"['Comedy', 'Fantasy']","['Isekai', 'Reincarnation']",7.36,409,3.0,25.0,2018-10-25,2020-08-27
23759,Happy End,manga,finished,"['Drama', 'Erotica', 'Girls Love']",[],5.69,185,1.0,8.0,2012-08-10,2014-01-01
1442,Seireitsukai no Blade Dance,light_novel,finished,"['Action', 'Comedy', 'Ecchi', 'Fantasy', 'Romance', 'Supernatural']","['Harem', 'School']",7.94,2094,20.0,218.0,2010-12-24,2019-03-25
19581,Game Center no Kanojo,manga,finished,"['Comedy', 'Ecchi', 'Romance']",[],6.3,363,3.0,27.0,2019-07-26,2022-03-04
8346,Meteor Methuselah: Kanzen Kouryakubon,doujinshi,finished,"['Comedy', 'Romance']",[],7.22,397,1.0,3.0,2009-08-16,2009-08-16
4966,Little Little,manga,finished,"['Fantasy', 'Slice of Life']",['Iyashikei'],7.21,1127,1.0,8.0,2007-05-11,2008-09-10
17217,Albox: Towa wo Kaetara,manga,finished,"['Action', 'Fantasy', 'Romance']",[],6.55,380,1.0,7.0,2012-01-27,2023-04-02
13197,Yakedo to Tsumeato,manga,finished,"['Boys Love', 'Erotica']",[],6.98,267,1.0,6.0,2014-06-13,2014-11-14
4294,Scarlet,manga,finished,"['Boys Love', 'Drama', 'Erotica']",[],7.32,1087,1.0,6.0,2006-04-08,2007-06-08
13168,Honey Bunny!,manga,finished,"['Comedy', 'Romance', 'Sci-Fi']",[],6.83,394,2.0,7.0,2000-01-01,2023-04-02
10806,Eguchi-kun wa Minogasanai,manga,finished,"['Comedy', 'Ecchi']",['School'],6.6,1455,4.0,101.0,2013-12-25,2019-01-25
8596,Amai Kimi ga Suki,manga,finished,"['Boys Love', 'Erotica']",[],6.82,1233,1.0,6.0,2008-01-01,2009-02-01
10536,Yuujin Character wa Taihen desu ka?,light_novel,finished,['Comedy'],['School'],7.13,300,10.0,60.0,2016-12-20,2020-11-18
12206,Ai wa Chittomo Raku ja Nai,manga,finished,"['Boys Love', 'Erotica']",[],6.78,541,1.0,6.0,2015-02-14,2015-09-14
4887,Himekei♥Doll,manga,finished,"['Comedy', 'Romance']",['School'],7.17,1342,4.0,24.0,2007-01-05,2008-03-05
22646,Neko no Te demo Yoroshikereba,manga,finished,"['Adventure', 'Fantasy']",[],6.7,109,1.0,7.0,2019-08-07,2020-02-21
19922,Choujuu Gitan,manga,finished,"['Action', 'Drama']",['Historical'],6.84,128,2.0,15.0,2009-11-27,2010-08-20
11946,Harmony,manga,finished,['Sci-Fi'],['Psychological'],7.21,204,4.0,34.0,2015-04-10,2019-07-01
18224,Yumemiru Vampire,manga,finished,"['Boys Love', 'Erotica', 'Supernatural']",['Vampire'],6.96,126,1.0,7.0,2020-06-26,2020-11-01
20687,Waga Na wa Nero,manga,finished,['Drama'],['Historical'],6.5600000000000005,209,2.0,15.0,1998-02-12,1999-09-25
24099,Minna no Oneesan,manga,finished,"['Erotica', 'Girls Love', 'Hentai']",['Harem'],6.39,125,1.0,8.0,2006-01-01,2006-01-01
2103,Slow Motion wo Mou Ichido,manga,finished,['Romance'],['School'],7.62,1851,7.0,64.0,2016-08-08,2018-05-21
14002,Netemo Sametemo,manga,finished,"['Boys Love', 'Erotica']",[],7.0,225,1.0,5.0,2006-01-01,2006-01-01
20587,Atashi ga Hamatta Yottsu no Junai,manga,finished,"['Comedy', 'Drama', 'Romance']",[],6.73,148,1.0,4.0,2005-01-01,2023-04-02
14901,Ribunesu,manga,finished,"['Comedy', 'Romance']",[],7.03,184,12.0,77.0,2014-05-20,2018-09-12
423,Mahou Shoujo Madoka★Magica: The Different Story,manga,finished,"['Drama', 'Horror']","['Mahou Shoujo', 'School']",8.15,7582,3.0,12.0,2012-06-12,2012-11-12
16176,Otokonoko ni wa Himitsu ga Aru,manga,finished,"['Drama', 'Romance']",[],6.99,163,2.0,8.0,2013-05-24,2014-08-09
8778,Otome wa Boku ni Koishiteru,manga,finished,"['Comedy', 'Ecchi', 'Romance', 'Slice of Life']","['Crossdressing', 'School']",6.91,803,2.0,21.0,2006-09-21,2008-06-27
14482,Mahochuu!,manga,finished,"['Fantasy', 'Supernatural']",['School'],7.24,130,4.0,24.0,2010-03-03,2011-12-03
9705,Shinseiki Evangelion: Pikopiko Chuugakusei Densetsu,manga,finished,['Comedy'],['School'],7.29,260,5.0,70.0,2014-04-04,2018-08-04
8107,Campione!,manga,finished,"['Action', 'Ecchi', 'Fantasy', 'Romance', 'Supernatural']",['Harem'],7.1,546,3.0,11.0,2011-10-25,2013-04-25
18706,Kangibanka,manga,finished,['Action'],"['Historical', 'Samurai']",6.82,163,4.0,31.0,2020-11-11,2021-07-14
18537,Super Dragon Ball Heroes: Universe Mission!!,manga,finished,"['Action', 'Adventure', 'Sci-Fi']","['Space', 'Super Power']",6.41,385,2.0,12.0,2018-04-06,2020-02-01
9049,Kimetsu no Yaiba: Kaze no Michishirube,light_novel,finished,"['Action', 'Fantasy']",['Historical'],7.36,267,1.0,5.0,2020-07-03,2020-07-03
21259,Kiseki no Shounen,manga,finished,['Supernatural'],"['Psychological', 'School']",6.27,275,3.0,28.0,2003-01-01,2004-01-01
9002,Tetsunabe no Jan,manga,finished,"['Action', 'Comedy', 'Gourmet']",[],7.2,356,27.0,251.0,1995-06-01,2000-03-01
11671,Gigant,manga,finished,"['Drama', 'Romance', 'Sci-Fi']",[],5.92,8628,10.0,89.0,2017-12-08,2021-09-24
4717,Inochi,manga,finished,"['Drama', 'Romance']","['Psychological', 'School']",7.33,893,5.0,20.0,2008-01-01,2011-01-01
9574,Kanojo ga Tonda Hi,manga,finished,"['Drama', 'Romance']","['Psychological', 'School']",7.05,439,1.0,5.0,2003-06-06,2004-02-06
7226,Subete ni Iya Girl,manga,finished,"['Comedy', 'Romance']",['School'],6.99,1006,5.0,86.0,2000-07-01,2002-01-01
20651,Tonari no Mitsuru-san: Kono Apartment ni wa Domestic na Oniisan ga Sundeiru,manga,finished,"['Boys Love', 'Erotica']",[],6.66,171,1.0,6.0,2018-03-01,2018-07-30
15221,Happy Omegaverse,manga,finished,"['Boys Love', 'Erotica']",[],6.85,264,1.0,6.0,2020-05-08,2021-01-08
3135,Marginal Operation,manga,finished,['Action'],['Military'],7.51,1221,16.0,88.0,2013-05-25,2021-01-25
22425,Anego!!,manga,finished,"['Comedy', 'Erotica', 'Romance']",[],6.46,180,2.0,18.0,2004-06-07,2005-03-07
5547,Vampire Crisis,manga,finished,"['Comedy', 'Romance']",['Vampire'],7.04,1692,1.0,5.0,2009-01-01,2009-01-01
671,Shinobi Life,manga,finished,"['Action', 'Comedy', 'Drama', 'Fantasy', 'Romance', 'Supernatural']","['Martial Arts', 'Time Travel']",7.78,9445,13.0,64.0,2006-02-06,2012-04-06
11916,Natsuko no Sake,manga,finished,"['Drama', 'Gourmet', 'Slice of Life']",[],7.4,153,12.0,131.0,1988-12-01,1991-04-01
8794,Swot,manga,finished,"['Action', 'Comedy']",['School'],6.61,4263,3.0,22.0,2010-07-05,2010-11-22
7986,Tsuki no Ko,manga,finished,"['Drama', 'Supernatural']",[],7.28,384,13.0,52.0,1989-02-01,1993-04-01
20922,Ka-Non,manga,finished,"['Comedy', 'Ecchi', 'Supernatural']",[],6.83,112,1.0,6.0,2013-04-06,2013-04-06
17388,World Destruction: Futari no Tenshi,manga,finished,"['Action', 'Adventure', 'Fantasy']",[],6.67,284,2.0,13.0,2008-07-26,2009-07-27
10952,Barbara Ikai,manga,finished,"['Drama', 'Fantasy', 'Mystery', 'Romance', 'Sci-Fi']",[],7.43,174,4.0,24.0,2002-07-27,2005-06-28
8571,Evergreen Days,manga,finished,"['Boys Love', 'Erotica', 'Romance']",['School'],7.06,543,1.0,7.0,2010-02-24,2012-11-24
6124,Mitsu-iro✡Devil,manga,finished,['Romance'],[],6.94,2091,1.0,5.0,2009-06-25,2009-06-25
21855,Ginyuu Shijin no Koi,manga,finished,"['Boys Love', 'Erotica']",[],6.68,133,1.0,3.0,2001-01-01,2001-01-01
4816,Sprout,manga,finished,"['Drama', 'Slice of Life']",[],7.09,1973,7.0,28.0,2006-01-13,2008-05-13
21977,Chichi Nikurin,manga,finished,['Hentai'],[],6.65,139,1.0,12.0,2010-12-21,2012-12-17
3887,Nekojiru Udon,manga,finished,['Comedy'],['Anthropomorphic'],7.61,794,3.0,57.0,1990-01-01,1990-01-01
9054,Tatsu no Otoshigo,manga,finished,"['Boys Love', 'Erotica', 'Fantasy', 'Supernatural']",[],6.9,766,1.0,5.0,2010-01-01,2010-01-01
13287,Amaiyo Maiyo,manga,finished,"['Boys Love', 'Erotica']",[],6.77,451,1.0,8.0,2023-04-02,2023-04-02
5177,Togainu no Chi,manga,finished,"['Action', 'Drama', 'Sci-Fi']",[],7.42,643,1.0,4.0,2005-01-01,2008-01-01
14890,Koi wa Ichiya ni Shite Narazu,manga,finished,"['Boys Love', 'Comedy', 'Erotica']",[],6.9,246,1.0,6.0,2006-01-01,2006-01-01
6007,Boku no Hero Academia Smash!,manga,finished,"['Action', 'Comedy']","['Parody', 'School', 'Super Power']",6.91,2854,5.0,104.0,2015-11-02,2017-11-02
21766,Girls Must Die!,manga,finished,['Hentai'],[],6.6,160,1.0,10.0,2016-03-07,2016-12-07
20342,Kawaii kara Kimi ga Warui,manga,finished,"['Boys Love', 'Drama', 'Erotica']",[],6.38,291,1.0,6.0,2020-03-01,2020-12-28
22727,Batman and the Justice League,manga,finished,"['Action', 'Sci-Fi']",['Super Power'],6.19,216,4.0,23.0,2017-06-19,2019-05-17
17428,Doutei Kaikin!!,manga,finished,['Hentai'],['Harem'],6.52,389,1.0,11.0,2004-08-20,2009-02-24
3931,Mystical,manhwa,finished,"['Drama', 'Romance', 'Supernatural']",[],7.78,674,5.0,93.0,2020-02-19,2022-03-24
9217,Eureka Seven AO,manga,finished,"['Action', 'Adventure', 'Drama', 'Romance', 'Sci-Fi']",['Mecha'],7.01,530,5.0,20.0,2012-01-26,2013-09-26
15450,Chousuinou Kei: Makafushigi Jiken File,manga,finished,"['Drama', 'Mystery', 'Supernatural']",[],6.75,326,7.0,61.0,2013-03-27,2014-07-02
5925,Dragon Drive,manga,finished,"['Action', 'Adventure', 'Fantasy', 'Sci-Fi']",[],6.98,1854,14.0,57.0,2001-08-03,2006-01-05
7645,Tantei Xeno to Nanatsu no Satsujin Misshitsu,manga,finished,['Mystery'],['Detective'],7.33,383,8.0,79.0,2017-11-29,2019-07-17
15736,Anekurabe,manga,finished,['Romance'],['Harem'],6.38,687,2.0,13.0,2014-03-19,2015-09-11
332,Tsubaki-chou Lonely Planet,manga,finished,"['Drama', 'Romance']",[],8.02,15946,14.0,85.0,2015-05-20,2019-08-20
3347,Youth Gone Wild,manhua,finished,['Romance'],[],7.59,978,14.0,89.0,1997-01-01,2003-01-01
569,Bitter Virgin,manga,finished,"['Drama', 'Romance']",['School'],7.76,25533,4.0,32.0,2005-02-18,2008-03-07
13264,"Comic Anthology Kiwami: Horror, Suspense, Mystery",manga,finished,"['Drama', 'Horror', 'Mystery', 'Sci-Fi']",[],6.8,419,1.0,5.0,2010-12-22,2010-12-22
1808,Boyfriend,manga,finished,"['Drama', 'Romance']",[],7.45,4249,3.0,11.0,2009-03-01,2010-01-01
19667,Seitokaichou no Yuuutsu,manga,finished,"['Boys Love', 'Erotica']",[],6.52,266,1.0,7.0,2006-09-12,2006-09-12
16789,Narippanashi no Ai no Kane,manga,finished,"['Boys Love', 'Comedy', 'Erotica', 'Romance']",[],6.92,172,1.0,6.0,2010-01-01,2010-01-01
23396,Hokenshitsu de Dakishimete,manga,finished,"['Boys Love', 'Erotica']",[],6.65,101,1.0,5.0,2007-03-28,2023-04-02
22223,Arina no Tane,manga,finished,"['Comedy', 'Slice of Life']",[],6.75,106,1.0,42.0,2008-01-01,2008-01-01
6145,"Mazu wa, Hitokuchi.",manga,finished,"['Boys Love', 'Comedy', 'Erotica']",[],7.05,1201,1.0,8.0,2011-03-31,2012-01-31
8988,Shinsekai yori,manga,finished,"['Adventure', 'Drama', 'Ecchi', 'Fantasy', 'Sci-Fi', 'Supernatural']",[],6.61,3565,7.0,27.0,2012-05-09,2014-06-09
11610,Secret,manga,finished,"['Horror', 'Mystery']",['Psychological'],6.38,2470,3.0,17.0,2013-10-12,2015-02-12
12270,Hiai Mousou,manga,finished,['Horror'],['Psychological'],5.93,4106,3.0,18.0,2013-07-19,2015-02-16
16882,Igai: The Play Dead/Alive,manga,finished,['Horror'],[],6.29,609,9.0,46.0,2014-01-18,2018-05-19
752,"Maoyuu Maou Yuusha: 'Kono Ware no Mono to Nare, Yuusha yo' 'Kotowaru!'",manga,finished,"['Action', 'Adventure', 'Comedy', 'Fantasy', 'Romance']",['Mythology'],7.97,4451,18.0,59.0,2011-04-26,2016-04-26
7148,Hatoful Kareshi,manga,finished,['Romance'],"['Anthropomorphic', 'School']",7.23,525,1.0,16.0,2012-06-08,2013-01-01
20724,Naked Play,manga,finished,['Hentai'],[],6.71,151,1.0,13.0,2005-01-06,2008-04-29
4520,Moon: Subaru Solitude Standing,manga,finished,['Drama'],['Performing Arts'],7.89,527,9.0,99.0,2007-08-06,2011-10-24
18510,Kono Kimochi wa Koi ni Naru,manga,finished,"['Boys Love', 'Erotica']",[],6.58,288,1.0,5.0,2006-01-01,2006-01-01
5725,Sayonara Football,manga,finished,"['Romance', 'Sports']","['School', 'Team Sports']",7.04,1506,2.0,8.0,2009-06-20,2010-08-20
4003,Dice,manga,finished,"['Comedy', 'Romance']",[],7.26,1538,2.0,10.0,2002-01-01,2023-04-02
17750,Little by Little,manga,finished,['Hentai'],[],6.86,171,1.0,15.0,2008-05-10,2008-05-10
11911,Doubt,manga,finished,"['Boys Love', 'Erotica']",[],6.72,684,1.0,6.0,2008-01-01,2008-07-01
18203,Yokujou Bazooka,manga,finished,['Hentai'],[],6.82,177,1.0,13.0,2011-01-28,2012-05-28
14291,Mo Ichido Koishite,manga,finished,"['Boys Love', 'Erotica', 'Romance']",[],6.78,368,2.0,12.0,2000-01-01,2001-01-01
7405,Houtou Musuko to Koi no Ana,manga,finished,"['Boys Love', 'Erotica']",[],7.03,834,1.0,7.0,2018-08-22,2019-08-22
19149,Chijo ga Koishicha Dame desu ka?,manga,finished,"['Drama', 'Hentai', 'Romance']",[],6.78,166,1.0,7.0,2005-03-07,2006-03-07
3569,Shachiku Succubus no Hanashi,manga,finished,"['Comedy', 'Romance', 'Slice of Life']",['Mythology'],7.09,8423,1.0,22.0,2020-01-23,2020-01-23
2202,Abarenbou♥Darling,manga,finished,"['Boys Love', 'Erotica']",[],7.29,8440,1.0,5.0,2012-11-15,2012-11-15
4654,Oyayubi kara Romance,manga,finished,"['Comedy', 'Drama', 'Romance']",['School'],7.37,843,9.0,52.0,2003-03-05,2007-03-05
22377,Shikigami Danshi,manga,finished,"['Comedy', 'Romance', 'Supernatural']",[],6.67,123,3.0,15.0,2014-08-23,2015-11-24
5363,Yakusoku no Neverland: Norman kara no Tegami,light_novel,finished,"['Horror', 'Mystery', 'Sci-Fi']",[],7.45,583,1.0,5.0,2018-06-04,2018-06-04
11948,Kiss Ariki.,manga,finished,"['Boys Love', 'Erotica']",[],7.0,315,3.0,11.0,2010-06-08,2014-06-10
10838,Hannune Banhada! Season 1,manhwa,finished,"['Comedy', 'Drama', 'Romance', 'Supernatural']",['School'],7.15,273,4.0,34.0,2006-01-01,2006-01-01
2926,Maoyuu Maou Yuusha,light_novel,finished,"['Action', 'Adventure', 'Fantasy', 'Romance']",['Mythology'],7.92,890,5.0,63.0,2010-12-29,2012-01-21
13492,Koi-Moyou,manga,finished,['Romance'],['School'],7.08,203,2.0,6.0,2007-01-01,2023-04-02
13075,Les Bijoux,manhwa,finished,"['Fantasy', 'Supernatural']",[],6.74,513,5.0,32.0,1999-01-01,2000-01-01
18481,Seitokaichou wa Bed no Ue de Subete wo Hodoku,manga,finished,"['Comedy', 'Mystery', 'Romance']",['School'],5.95,535,3.0,15.0,2019-05-22,2020-10-17
9336,Stringendo,manga,finished,['Hentai'],[],7.08,427,1.0,10.0,2001-08-07,2002-08-07
316,Kakukaku Shikajika,manga,finished,"['Award Winning', 'Slice of Life']","['Memoir', 'Otaku Culture', 'Visual Arts']",8.54,6954,5.0,34.0,2011-11-28,2015-01-28
8748,Shin Kidou Senki Gundam Wing: Endless Waltz - Haisha-tachi no Eikou,manga,finished,"['Action', 'Drama', 'Sci-Fi']","['Mecha', 'Military', 'Space']",7.43,261,14.0,85.0,2010-09-25,2017-11-25
12635,A Cat and a Bird,manhwa,finished,"['Drama', 'Slice of Life']",['Psychological'],6.86,395,2.0,10.0,2023-04-02,2023-04-02
4818,TSF Monogatari,manga,finished,['Hentai'],"['Magical Sex Shift', 'School']",7.09,1971,1.0,8.0,2010-04-05,2011-03-05
12405,Otonari wa 1-ken de 2-do Oishii,manga,finished,['Romance'],['School'],6.98,303,2.0,9.0,2015-02-13,2015-08-11
7953,Kare wa Tsumetai Furi wo Shite,manga,finished,['Romance'],[],6.94,930,1.0,6.0,2009-01-01,2023-04-02
20816,Mimori-san no Yarashii Okuchi,manga,finished,"['Boys Love', 'Erotica']",[],6.74,139,4.0,30.0,2018-06-01,2022-02-18
3583,Shitteru yo.,manga,finished,"['Boys Love', 'Erotica']",['School'],7.29,1725,1.0,7.0,2012-04-01,2013-09-21
3195,Nise x Koi Boyfriend,manga,finished,"['Boys Love', 'Comedy', 'Erotica', 'Romance']","['Crossdressing', 'School']",7.2,3827,2.0,11.0,2013-12-03,2017-02-07
11865,Himitsu.,manga,finished,"['Erotica', 'Girls Love', 'Slice of Life']",['School'],6.92,388,1.0,6.0,2009-02-12,2010-02-12
5556,Sekimen Shinaide Sekime-san,manga,finished,"['Comedy', 'Romance']",['School'],6.88,7189,3.0,43.0,2020-06-21,2022-04-26
5326,Usotsuki wa Dareda,manga,finished,"['Boys Love', 'Comedy', 'Drama', 'Erotica']",[],7.05,1797,1.0,6.0,2006-01-01,2023-04-02
23320,Neko Wappa!,manga,finished,['Comedy'],[],6.33,168,2.0,13.0,2009-11-09,2010-02-15
20658,Ijimekko to Boku,manga,finished,['Hentai'],[],6.72,149,1.0,13.0,2014-06-10,2016-04-13
21041,Cheerful Days,manga,finished,['Sports'],['School'],6.83,110,2.0,10.0,2013-05-13,2014-02-13
20913,Shirube no Michi,manga,finished,"['Fantasy', 'Mystery']",[],6.78,125,1.0,6.0,2005-01-24,2023-04-02
16216,Scrapped Princess,manga,finished,"['Adventure', 'Comedy', 'Drama', 'Fantasy', 'Romance']",[],6.49,525,3.0,16.0,2002-01-01,2004-01-01
5722,Last Notes,manga,finished,['Romance'],[],7.17,915,3.0,14.0,2013-05-13,2014-06-13
13528,Kidou Senshi Gundam 00 in those days,manga,finished,"['Drama', 'Romance', 'Sci-Fi']","['Mecha', 'Psychological', 'Space']",7.2,160,1.0,6.0,2008-01-01,2010-08-26
22292,Megane Gakkou,manga,finished,['Hentai'],['School'],6.5600000000000005,156,1.0,10.0,2004-12-28,2006-08-02
19228,Teke-Teke★Rendezvous,manga,finished,"['Comedy', 'Romance']",[],6.91,121,4.0,36.0,2009-05-23,2014-04-23
21064,"Ame no Mukou, Kimi to",manga,finished,"['Boys Love', 'Erotica', 'Romance']",[],6.36,262,1.0,6.0,2013-06-15,2013-06-15
3829,Hanazono no Kioku,manga,finished,"['Boys Love', 'Drama', 'Erotica']",[],7.41,1094,1.0,7.0,2013-03-07,2013-07-05
12339,The Delusion Diary,manga,finished,['Hentai'],[],7.12,225,1.0,7.0,2023-04-02,2023-04-02
5948,Kuuchuu Teien,manga,finished,['Boys Love'],['Historical'],7.09,1107,1.0,7.0,2009-03-24,2009-03-24
18703,Hebikuidori,manga,finished,"['Boys Love', 'Erotica']",['School'],6.72,206,1.0,6.0,2013-12-22,2014-04-22
3151,Heart♡Strings,manga,finished,"['Boys Love', 'Drama', 'Erotica', 'Romance']",[],7.38,1628,1.0,5.0,2007-08-10,2007-08-10
15136,Blue Wars,manga,finished,"['Comedy', 'Romance']",[],7.05,169,2.0,6.0,1997-08-26,2000-08-28
3352,Na mo Naki Tori no Tobu Yoake,manga,finished,"['Action', 'Boys Love', 'Drama', 'Fantasy', 'Supernatural']",[],7.6,965,3.0,13.0,2002-01-01,2004-01-01
10146,Aioimusubi,manga,finished,"['Boys Love', 'Erotica', 'Slice of Life']",[],6.8100000000000005,788,2.0,13.0,2013-11-30,2015-09-30
13237,"Ore, Maou dakedo Baretenai yo ne?",manga,finished,"['Action', 'Comedy', 'Fantasy', 'Romance']",[],6.55,850,2.0,14.0,2017-04-27,2018-02-27
7127,Summer Ghost,manga,finished,['Supernatural'],[],7.57,323,2.0,15.0,2021-10-08,2022-06-03
11124,Tantei Jimusho no Kainushi-sama,manga,finished,"['Boys Love', 'Mystery']",['Detective'],7.05,323,1.0,7.0,2020-06-26,2021-06-28
18934,Tsukiyo no Doll,manga,finished,['Romance'],[],6.92,124,1.0,5.0,2008-09-08,2008-12-08
9709,Kuyuru,manga,finished,"['Boys Love', 'Drama', 'Erotica']",[],7.04,435,1.0,6.0,2018-09-24,2019-02-24
3492,Hyakuman-jou Labyrinth,manga,finished,"['Mystery', 'Sci-Fi']",[],7.38,1369,2.0,23.0,2013-05-10,2015-03-10
24402,Angel Cop,manga,finished,"['Action', 'Adventure', 'Sci-Fi']",[],6.2,125,1.0,5.0,1990-04-10,1990-04-10
16113,Keisenjou no Cantata,manga,finished,"['Boys Love', 'Erotica']",[],7.01,158,1.0,6.0,2020-08-07,2021-06-04
1174,Higurashi no Naku Koro ni: Yoigoshi-hen,manga,finished,"['Drama', 'Horror', 'Mystery']",['Psychological'],7.7,3993,2.0,14.0,2006-06-17,2007-07-18
5303,Yajirushi,manga,finished,"['Boys Love', 'Erotica', 'Romance']",['Psychological'],7.1,1437,1.0,6.0,2014-04-01,2014-11-28
9676,Open Air,manga,finished,"['Boys Love', 'Erotica']",[],7.16,331,1.0,6.0,2007-01-01,2007-01-01
2154,Sorairo Koiiro,manga,finished,"['Comedy', 'Romance']",['School'],7.49,2424,1.0,5.0,2008-10-19,2009-03-14
13500,Shade: The Other Side of Light,manhwa,finished,[],[],6.67,572,3.0,26.0,2023-04-02,2023-04-02
2642,AAA,manga,finished,"['Comedy', 'Romance']",['School'],7.23,6728,4.0,16.0,2007-12-28,2009-03-03
7279,Ore no Mune de Sake,manga,finished,"['Boys Love', 'Erotica']",[],7.08,730,1.0,6.0,2023-04-02,2023-04-02
19095,Ookami-san to Eroi Koto,manga,finished,"['Boys Love', 'Erotica', 'Supernatural']",[],6.38,363,1.0,6.0,2015-06-01,2016-09-01
21668,Datsu★Imouto Sengen♥,manga,finished,['Hentai'],[],6.7,132,1.0,13.0,2009-09-01,2011-04-30
5617,Philosophia,manga,finished,"['Girls Love', 'Slice of Life']",[],6.99,2135,1.0,6.0,2010-12-30,2012-12-30
3026,Suki tte Iwasete?,manga,finished,"['Boys Love', 'Drama', 'Erotica', 'Romance', 'Slice of Life']",[],7.29,2532,1.0,5.0,2006-10-07,2009-09-07
14101,Gokkun Otome,manga,finished,['Hentai'],[],6.76,399,1.0,11.0,2007-11-10,2009-01-10
12674,Lore no Mori,manga,finished,"['Horror', 'Mystery', 'Supernatural']",[],6.61,814,1.0,4.0,2008-04-15,2008-12-26
894,Break Blade,manga,finished,"['Action', 'Drama', 'Fantasy']","['Adult Cast', 'Mecha', 'Military']",7.73,6359,20.0,106.0,2006-09-12,2022-10-12
6136,Hana to Ryuu,doujinshi,finished,"['Boys Love', 'Drama', 'Erotica']",[],7.31,584,5.0,23.0,1993-08-16,2010-03-14
3649,Ayu Mayu,manga,finished,"['Comedy', 'Ecchi', 'Romance']","['Harem', 'School']",7.13,4084,5.0,29.0,2006-12-01,2009-04-01
693,Blue Giant,manga,finished,['Award Winning'],['Music'],8.46,3399,10.0,80.0,2013-05-10,2016-08-25
4544,Zenbu Ore no Mono!,manga,finished,"['Boys Love', 'Comedy', 'Erotica', 'Romance']",['School'],7.16,1664,1.0,7.0,2005-02-28,2005-02-28
5192,Legend of Tyr,manhwa,finished,"['Action', 'Adventure', 'Comedy', 'Fantasy']",[],7.09,1582,11.0,66.0,2008-01-01,2010-01-01
24341,Scape-God,manga,finished,"['Action', 'Comedy', 'Erotica', 'Fantasy', 'Girls Love']",['Super Power'],6.37,114,1.0,7.0,2005-04-01,2006-11-01
11499,Otona no Mondai,manga,finished,"['Boys Love', 'Comedy', 'Drama']",[],7.0,339,1.0,5.0,1998-01-01,1998-01-01
9723,Clover no Kuni no Alice: Sangatsu Usagi,manga,finished,"['Fantasy', 'Romance']",[],7.1,373,1.0,3.0,2010-11-25,2010-11-25
3308,Chikyuu no Owari wa Koi no Hajimari,manga,finished,['Romance'],[],7.2,3334,5.0,23.0,2015-11-24,2017-10-24
3510,Love My Life,manga,finished,"['Drama', 'Erotica', 'Girls Love', 'Romance', 'Slice of Life']",[],7.36,1432,1.0,12.0,2000-01-01,2000-01-01
7040,Monster Hunter: Senkou no Kariudo,manga,finished,"['Action', 'Adventure', 'Fantasy']",[],7.12,701,10.0,90.0,2011-05-06,2014-12-12
12569,Almadianos Eiyuuden,manga,finished,"['Adventure', 'Drama', 'Fantasy']",[],6.47,1277,2.0,17.0,2017-07-25,2020-01-29
5419,Cherish,manga,finished,"['Drama', 'Romance']",[],7.05,1714,1.0,5.0,2005-11-28,2006-06-28
7552,Princess Princess Plus,manga,finished,"['Boys Love', 'Comedy']","['Crossdressing', 'School']",7.19,519,1.0,6.0,2006-05-01,2007-01-01
6399,Click,manhwa,finished,"['Comedy', 'Drama', 'Romance']","['Magical Sex Shift', 'School']",7.16,758,8.0,33.0,2006-12-13,2008-04-07
11253,Concierge no Koibito,manga,finished,"['Boys Love', 'Erotica']",[],6.92,433,1.0,5.0,2012-06-30,2013-04-30
726,"Soredemo, Yasashii Koi wo Suru",manga,finished,"['Boys Love', 'Erotica', 'Slice of Life']",[],7.87,5856,1.0,6.0,2008-10-26,2013-10-19
19305,Akane Shoten no Kaji Tenchou,manga,finished,['Romance'],[],6.48,303,1.0,4.0,2017-11-13,2018-02-13
20343,Kuro no Kumikyoku,manga,finished,"['Horror', 'Mystery', 'Supernatural']",[],6.38,291,1.0,5.0,1983-01-01,1983-02-01
21131,Kimi wa Kawaii Koi no Dorei,manga,finished,"['Boys Love', 'Drama', 'Erotica']",['School'],6.45,233,1.0,6.0,2016-11-25,2017-05-26
7878,Locomoco,manga,finished,['Romance'],[],6.97,869,2.0,8.0,2011-12-13,2012-07-13
14114,Futari Monologue,manga,finished,['Comedy'],['School'],6.71,456,6.0,112.0,2016-10-15,2018-12-01
16419,Furidashi ni Ochiru!,manga,finished,['Comedy'],['School'],6.8,245,2.0,22.0,2017-05-27,2019-02-27
12495,I: Itou-san 2,manga,finished,"['Boys Love', 'Drama', 'Erotica']",[],7.24,176,1.0,6.0,2016-02-27,2017-06-28
8772,Chiguhagu na Karera no Koi no Yukue,manga,finished,"['Romance', 'Slice of Life']",[],6.74,1688,1.0,8.0,2019-09-14,2019-09-14
4942,Clamp in Wonderland EX,manga,finished,['Comedy'],[],7.21,1136,1.0,4.0,2006-01-01,2023-04-02
15977,Gattendou Tenmatsuki,manga,finished,"['Action', 'Boys Love', 'Drama', 'Erotica', 'Romance']",[],6.87,222,1.0,4.0,2006-08-10,2006-08-10
13372,Shousetsu Mahoutsukai no Yome,light_novel,finished,"['Fantasy', 'Slice of Life']",[],7.37,126,2.0,16.0,2017-09-08,2017-10-10
17804,Motokare ga Fudanshi ni Natteorimashite.,manga,finished,"['Comedy', 'Romance']",[],6.87,165,7.0,65.0,2018-01-20,2022-01-22
5877,Back to You,manhwa,finished,"['Drama', 'Romance', 'Supernatural']",['Time Travel'],7.3,636,12.0,115.0,2020-01-03,2022-03-06
12541,Yume no Shiro: Mahou Tsukai Series,manga,finished,"['Drama', 'Fantasy', 'Romance']",[],6.93,333,1.0,3.0,1995-11-10,1998-09-24
16616,Yukibana no Tora,manga,finished,[],['Historical'],7.16,107,10.0,80.0,2015-03-06,2020-10-26
21886,Akarui Eros Keikaku,manga,finished,"['Hentai', 'Romance']",[],6.52,182,1.0,10.0,2006-06-13,2007-05-12
18920,Jinsei Hensachi 48 no Koukousei ga Kamisama ni Narimashita.,manga,finished,"['Romance', 'Supernatural']",['School'],6.4,367,4.0,16.0,2012-02-27,2013-01-26
10400,Mobius Doumei,manga,finished,['Romance'],"['Love Polygon', 'School']",7.15,296,5.0,27.0,2002-01-01,2002-01-01
3938,Wolfsmund,manga,finished,"['Action', 'Drama']","['Gore', 'Historical']",7.18,2292,8.0,37.0,2009-02-14,2016-10-15
2570,Doumu,manga,finished,"['Award Winning', 'Horror', 'Supernatural']",[],7.29,4103,1.0,4.0,1980-01-19,1981-07-06
14385,Girls & Panzer,light_novel,finished,['Comedy'],"['Military', 'School']",7.29,122,3.0,25.0,2012-11-21,2013-06-22
13141,Abenobashi Mahou☆Shoutengai,manga,finished,"['Adventure', 'Comedy', 'Ecchi', 'Fantasy']",['Isekai'],6.5600000000000005,848,2.0,12.0,2001-07-26,2002-06-26
23619,Chintsubu Mini dj,doujinshi,finished,"['Boys Love', 'Erotica']",[],6.5600000000000005,114,1.0,1.0,2004-08-15,2004-08-15
1254,Sugar Sugar Rune,manga,finished,"['Award Winning', 'Comedy', 'Drama', 'Fantasy', 'Romance']",[],7.61,4929,8.0,46.0,2003-08-02,2007-04-03
10481,Kinjo no Ko ga Short Pants wo Haite Ore wo Yuuwaku Shite Kurunda ga,manga,finished,['Hentai'],[],7.04,374,1.0,12.0,2013-01-21,2014-02-21
1631,Daa! Daa! Daa!,manga,finished,"['Comedy', 'Romance']",['Childcare'],7.74,2264,9.0,47.0,1998-02-01,2002-03-01
20187,Ping Pong Dash!!,manga,finished,"['Comedy', 'Sports']",[],6.8,134,15.0,63.0,2004-01-06,2009-11-06
16046,Dead Soul Revolver,manga,finished,"['Action', 'Ecchi', 'Fantasy']",[],6.83,243,3.0,15.0,2008-01-01,2023-04-02
20577,Princess no Kakurega,manga,finished,['Romance'],[],6.64,182,1.0,1.0,2009-01-01,2009-01-01
7452,Boys'n Girl,manga,finished,"['Comedy', 'Romance']",['School'],7.01,879,5.0,16.0,1997-01-01,2000-01-01
6467,My Little Inferno,manga,finished,"['Boys Love', 'Drama', 'Erotica']",[],7.22,638,2.0,12.0,2017-09-25,2019-01-25
494,Umibe no Étranger,manga,finished,"['Boys Love', 'Erotica', 'Slice of Life']",[],7.86,14804,1.0,4.0,2013-04-25,2014-04-25
9798,Ore dake no Senzoku Alpha,manga,finished,"['Boys Love', 'Erotica']",[],7.35,233,1.0,7.0,2019-11-08,2020-09-08
5830,Hoshi no Furu Machi,manga,finished,"['Drama', 'Romance']",['School'],7.28,672,7.0,70.0,2006-01-05,2008-05-15
2079,Goshujinsama to Kemonomimi no Shoujo Mel,manga,finished,"['Fantasy', 'Girls Love', 'Slice of Life']",[],7.63,1845,3.0,18.0,2016-06-13,2018-03-27
16528,Amai♥Jouji,manga,finished,['Romance'],[],6.2,707,1.0,5.0,2006-10-26,2006-10-26
2227,"Uchi no Ko no Tame naraba, Ore wa Moshikashitara Maou mo Taoseru kamo Shirenai.",light_novel,finished,['Fantasy'],['Childcare'],7.77,1408,9.0,60.0,2015-02-20,2019-09-21
13701,Kono Negai ga Kanau nara,manga,finished,"['Drama', 'Girls Love', 'Slice of Life']",['School'],6.72,477,1.0,9.0,2007-07-18,2009-04-18
10128,Mokke,manga,finished,"['Comedy', 'Drama', 'Slice of Life', 'Supernatural']",['Iyashikei'],7.35,221,9.0,50.0,2000-08-01,2009-07-01
21149,Koakuma wa Ore no Iinari,manga,finished,"['Boys Love', 'Erotica', 'Supernatural']",[],6.19,296,1.0,7.0,2016-10-15,2016-10-15
1891,Sword Art Online: Mother's Rosario,manga,finished,"['Action', 'Adventure', 'Fantasy']",['Video Game'],7.8,1687,3.0,14.0,2014-06-10,2016-04-09
12662,Scramble Game,manga,finished,"['Boys Love', 'Erotica']",[],6.84,417,1.0,6.0,2004-01-01,2004-01-01
5964,Baketeriya,manga,finished,"['Comedy', 'Drama', 'Romance', 'Supernatural']",[],6.91,2921,4.0,23.0,2011-04-25,2013-08-24
2162,Puchi Puri,manga,finished,"['Boys Love', 'Erotica']",[],7.68,1614,1.0,6.0,2007-02-01,2007-11-01
9073,Yasashii Kankei,manga,finished,"['Boys Love', 'Erotica']",[],7.02,532,2.0,13.0,1996-11-01,1997-11-01
11754,Trouble Love Candy,manga,finished,"['Boys Love', 'Erotica']",[],6.93,385,1.0,4.0,2004-01-01,2023-04-02
19140,Hanon,manga,finished,"['Boys Love', 'Erotica']",[],6.6,249,1.0,5.0,1999-10-08,1999-10-08
23279,Sousei no Aquarion: Mirai Shinwa,manga,finished,"['Action', 'Sci-Fi']",['Mecha'],6.46,147,1.0,5.0,2005-01-01,2023-04-02
20444,Psychometrer,manga,finished,"['Action', 'Mystery']","['Psychological', 'Super Power']",6.73,151,15.0,133.0,2011-04-25,2014-08-18
6643,Suisei no Gargantia,manga,finished,"['Action', 'Adventure', 'Romance', 'Sci-Fi']",['Mecha'],7.15,724,3.0,13.0,2013-01-10,2014-01-28
597,Futari Ashita mo Sorenari ni,manga,finished,"['Comedy', 'Romance', 'Slice of Life']",[],7.85,9185,5.0,92.0,2019-05-10,2021-04-23
13472,Kiriwo Terrible,manga,finished,"['Action', 'Comedy', 'Sci-Fi', 'Supernatural']",[],6.54,823,4.0,37.0,2014-03-05,2014-12-03
13346,Harukaze no Snegurochka,manga,finished,['Romance'],['Historical'],6.55,826,1.0,7.0,2013-05-08,2014-05-08
17302,Sukebe no Seishun,manga,finished,"['Boys Love', 'Erotica']",['School'],6.78,222,1.0,6.0,2019-02-27,2019-12-25
22958,Gorgeous Heart,manga,finished,"['Boys Love', 'Erotica', 'Fantasy']",[],6.15,210,1.0,7.0,2002-01-01,2002-01-01
19390,El El,manga,finished,['Horror'],[],6.43,322,2.0,16.0,2005-01-01,2005-01-01
18710,Azamaru,manga,finished,"['Action', 'Romance']",['Historical'],6.52,313,4.0,25.0,2003-01-01,2023-04-02
7151,Kimi no Koto nado Zettai ni,manga,finished,['Romance'],[],7.07,788,4.0,22.0,2014-08-23,2017-07-24
12257,Gal to Otaku wa Wakariaenai.,manga,finished,"['Comedy', 'Girls Love']",['School'],6.69,699,5.0,50.0,2015-08-27,2019-11-27
1263,UQ Holder!,manga,finished,"['Action', 'Fantasy', 'Sci-Fi']",[],7.48,15946,28.0,193.0,2013-08-28,2022-02-09
13539,"Itsuka, Kazoku ni Naru made",manga,finished,['Boys Love'],[],7.09,197,1.0,6.0,2020-11-20,2021-07-16
1696,Vampire Game,manga,finished,"['Adventure', 'Comedy']",[],7.62,2657,15.0,92.0,1996-01-01,2004-09-25
13508,Seppun Shuugyou,manga,finished,"['Boys Love', 'Erotica']",[],6.84,360,1.0,6.0,2000-11-01,2001-10-27
1438,Pink Heart Jam,manga,finished,"['Boys Love', 'Erotica']","['Music', 'School']",8.22,1803,2.0,11.0,2020-08-25,2022-04-25
23904,Junai Sadistic,manga,finished,['Hentai'],[],6.49,117,1.0,13.0,2008-11-25,2008-11-25
13644,"Houkago wa, Isekai Kissa de Coffee wo",light_novel,finished,"['Fantasy', 'Slice of Life']","['Isekai', 'Iyashikei']",7.08,198,6.0,60.0,2017-06-20,2019-07-20
295,5-toubun no Hanayome,manga,finished,"['Award Winning', 'Comedy', 'Romance']","['Harem', 'School']",7.93,98419,14.0,122.0,2017-08-09,2020-02-19
10179,Abyss Rage,manga,finished,"['Action', 'Drama']",['Martial Arts'],6.61,1768,8.0,100.0,2018-05-31,2021-02-04
12782,Hoshigahara Aomanjuu no Mori,manga,finished,['Fantasy'],[],7.21,178,5.0,41.0,2008-08-12,2015-04-13
17333,Koimitsu Fragrance,manga,finished,['Hentai'],[],6.77,226,1.0,11.0,2010-04-28,2012-06-29
3656,Koi wa Tsuzuku yo Dokomademo,manga,finished,"['Romance', 'Slice of Life']",[],7.27,1785,7.0,37.0,2016-03-08,2019-01-08
2493,Fate/stay night: Garden of Avalon,light_novel,finished,"['Fantasy', 'Supernatural']",[],8.1,1004,1.0,7.0,2015-03-25,2015-03-25
15681,Yamato Gensouki,manga,finished,"['Action', 'Adventure', 'Fantasy']",[],6.43,642,2.0,17.0,1999-02-16,1999-06-15
12059,Gaitou Alice,manga,finished,"['Comedy', 'Fantasy']",['School'],6.9,396,3.0,16.0,2015-02-28,2016-06-28
9770,Lv999 no Murabito,light_novel,finished,['Fantasy'],[],7.01,465,8.0,54.0,2016-04-30,2019-01-25
9131,Hoshi no Usagi,manga,finished,"['Boys Love', 'Erotica']",['School'],7.06,471,1.0,7.0,2017-01-24,2017-11-24
8952,Believers,manga,finished,"['Drama', 'Romance']",['Psychological'],6.65,2687,2.0,22.0,1999-05-01,1999-11-01
2432,Wolf Guy: Ookami no Monshou,manga,finished,"['Action', 'Drama', 'Romance', 'Supernatural']",['School'],7.23,14035,12.0,117.0,2007-02-27,2012-02-14
4174,Momokuri,manga,finished,"['Comedy', 'Romance', 'Slice of Life']",['School'],7.34,1095,8.0,118.0,2014-01-10,2016-12-29
15519,Angel/Dust Neo,manga,finished,"['Fantasy', 'Girls Love']",[],6.2,902,1.0,9.0,2002-07-10,2003-05-10
4702,Yume wo Miru Hima mo Nai,manga,finished,"['Boys Love', 'Drama', 'Erotica', 'Romance']",['School'],7.42,759,1.0,8.0,2006-08-26,2006-08-26
20018,Danshi Kinsei Ohinamatsuri,manga,finished,['Hentai'],['Harem'],6.87,117,1.0,9.0,2006-04-03,2006-04-03
6264,Aoi Hitsuji no Yume,manga,finished,"['Action', 'Boys Love', 'Erotica', 'Sci-Fi']",[],7.41,476,9.0,35.0,1999-05-26,2015-07-30
19671,Sankakukan,manga,finished,['Hentai'],[],6.73,172,1.0,10.0,2009-01-17,2010-12-29
16679,Saotome-san ni wa Mou Death Game shika Nai,manga,finished,"['Comedy', 'Romance', 'Suspense']","['High Stakes Game', 'Survival']",6.5600000000000005,410,3.0,36.0,2022-02-21,2022-11-07
14920,Souryo Fuyumi Masterpiece Collection: Owaru Heart Janee,manga,finished,"['Drama', 'Romance']",[],6.8,316,1.0,6.0,1989-01-01,1989-01-01
21972,Futanarikko Cafe ni Youkoso,manga,finished,['Hentai'],[],6.71,122,1.0,12.0,2009-02-26,2013-07-12
5650,S.P.Y.,manga,finished,"['Drama', 'Romance', 'Sports']",['School'],6.93,3134,2.0,13.0,2007-01-01,2007-01-01
7867,Awasete Ippon,manga,finished,['Romance'],['Martial Arts'],7.04,695,3.0,13.0,2023-04-02,2023-04-02
14691,"Kinku: Don't Say ""I Love You""",manga,finished,"['Drama', 'Romance']",[],6.37,897,1.0,5.0,2002-01-01,2002-01-01
23415,B's-LOVEY Anthology: BL of the Dead,manga,finished,"['Boys Love', 'Horror', 'Supernatural']",[],6.26,174,1.0,8.0,2016-02-15,2016-02-15
9659,Kazekaze no Hito,manga,finished,"['Fantasy', 'Romance']",['Historical'],6.79,949,1.0,2.0,2005-06-24,2005-07-24
11463,Revenge,manga,finished,"['Boys Love', 'Erotica']",[],6.87,478,1.0,7.0,2006-08-12,2006-08-12
24573,Beef Jam,manga,finished,"['Boys Love', 'Erotica', 'Fantasy']",[],5.91,118,1.0,12.0,2000-11-01,2004-12-01
13310,Over Image,manga,finished,"['Action', 'Comedy', 'Fantasy', 'Romance', 'Supernatural']",['School'],6.55,836,2.0,9.0,2012-07-27,2013-05-27
23527,Rifle Is Beautiful,manga,finished,"['Comedy', 'Slice of Life']","['CGDCT', 'School']",6.54,121,6.0,180.0,2015-04-09,2020-07-02
1373,Whistle!,manga,finished,"['Drama', 'Sports']",['Team Sports'],7.79,2669,24.0,216.0,1998-02-24,2002-10-08
3968,Shaman King: Flowers,manga,finished,"['Action', 'Adventure', 'Comedy', 'Supernatural']",['Super Power'],7.07,5457,6.0,29.0,2012-04-10,2014-10-10
8941,Love Home,manga,finished,"['Boys Love', 'Erotica']",[],6.9,792,1.0,5.0,2004-11-16,2023-04-02
10151,Meisou Kuiki,manga,finished,"['Drama', 'Mystery']",['School'],6.94,517,2.0,10.0,2002-02-26,2002-11-26
18745,Fanaticism,manga,finished,"['Drama', 'Hentai']",[],6.86,147,1.0,6.0,2015-04-22,2016-04-22
3490,Sensitive Pornograph,manga,finished,"['Boys Love', 'Drama', 'Erotica', 'Romance']",[],7.17,3523,1.0,6.0,2003-12-01,2003-12-01
14642,A la Carte,manga,finished,"['Action', 'Comedy', 'Supernatural']",[],6.77,357,1.0,4.0,2001-09-06,2006-02-03
7172,Ichiban Chikaku de Koi wo Suru,manga,finished,"['Boys Love', 'Erotica', 'Romance', 'Slice of Life']",[],7.03,892,1.0,6.0,2013-02-09,2013-02-09
13770,Piyopiyo,manga,finished,['Comedy'],[],7.0,233,1.0,8.0,2005-12-28,2006-11-18
15114,Kawari Nadeshiko: 3 Shimai no Himitsu,manga,finished,"['Drama', 'Ecchi']",['Harem'],5.83,1235,1.0,5.0,2016-12-19,2017-08-29
5101,Iyayoiyayo mo Kiss no Uchi,manga,finished,"['Boys Love', 'Erotica', 'Romance']",['School'],7.14,1348,1.0,5.0,2015-11-30,2016-02-05
435,Elfen Lied,manga,finished,"['Action', 'Drama', 'Horror', 'Romance', 'Supernatural']","['Gore', 'Psychological']",7.83,48815,12.0,113.0,2002-06-06,2005-08-25
4865,Bal Jak,manhwa,finished,"['Action', 'Adventure', 'Comedy', 'Ecchi']",['School'],7.3,906,12.0,85.0,2000-01-01,2023-04-02
18787,Motoka no★Shokudou,manga,finished,"['Comedy', 'Sci-Fi', 'Slice of Life']",[],6.86,146,2.0,22.0,2013-08-06,2014-08-19
15741,Manabi no Sono,manga,finished,['Hentai'],[],6.96,186,1.0,10.0,2007-12-28,2009-06-17
1486,Sekine-kun no Koi,manga,finished,"['Drama', 'Romance', 'Slice of Life']",[],7.62,3356,5.0,33.0,2009-05-08,2014-07-08
8914,37°C no Boyfriend,manga,finished,[],[],6.73,1664,1.0,5.0,2008-01-01,2023-04-02
3601,Natsuyuki Rendezvous,manga,finished,"['Drama', 'Romance', 'Supernatural']",['Adult Cast'],7.39,1261,4.0,24.0,2009-06-08,2011-12-08
551,Vagrant Soldier Ares,manhwa,finished,"['Action', 'Adventure', 'Drama']",[],8.08,5997,26.0,207.0,2001-01-01,2007-01-01
22831,Escape Creator,manga,finished,['Hentai'],[],6.67,112,1.0,8.0,2006-10-28,2008-06-28
22379,Ankoku Shinwa,manga,finished,"['Horror', 'Mystery', 'Supernatural']",['Psychological'],6.09,244,1.0,7.0,1976-05-04,1976-06-08
4771,Dear Myself,manga,finished,"['Boys Love', 'Romance']",[],7.16,1476,1.0,3.0,1998-01-01,1998-01-01
15500,Joukyuu Mazoku no Otoshikata,manga,finished,"['Boys Love', 'Erotica', 'Fantasy']",['Mythology'],6.78,300,1.0,6.0,2016-07-29,2018-05-24
16532,"Kidou Senshi Gundam Gaiden: Sora, Senkou no Hate ni...",manga,finished,['Sci-Fi'],"['Mecha', 'Military']",7.09,124,3.0,12.0,2003-05-26,2006-04-26
20391,Shichinin no Nana,manga,finished,"['Comedy', 'Romance']",[],6.54,227,3.0,27.0,2001-11-08,2002-05-25
8676,Shoujo x Shoujo x Shoujo,manga,finished,['Hentai'],['Harem'],7.25,346,1.0,5.0,2010-07-05,2011-05-02
3332,Shoujo Kakumei Utena: Adolescence Mokushiroku,manga,finished,"['Drama', 'Romance']",['Mahou Shoujo'],7.37,1510,1.0,2.0,1999-01-01,1999-01-01
21714,Soto no Kuni no Yome,manga,finished,"['Hentai', 'Romance', 'Supernatural']",[],6.72,125,1.0,11.0,2011-03-02,2012-06-02
14569,Maid in Teacher,manga,finished,['Hentai'],[],6.91,252,1.0,11.0,2003-12-01,2005-07-02
11736,Kamisama Hajimemashita: Kurama-yama Yawa,light_novel,finished,"['Comedy', 'Supernatural']",[],7.32,176,1.0,4.0,2015-02-20,2015-02-20
10778,Koakuma to Meromero Tengoku,manga,finished,['Romance'],[],6.74,846,1.0,5.0,2007-10-24,2009-12-24
8731,Shampoo,manga,finished,"['Boys Love', 'Erotica']",[],6.87,937,1.0,6.0,2006-01-01,2006-01-01
23233,Kaijin Bureikou Lullaby,manga,finished,"['Avant Garde', 'Comedy']",[],6.4,161,1.0,4.0,1990-01-01,1990-01-01
46,Watashitachi no Shiawase na Jikan,manga,finished,"['Drama', 'Romance']","['Music', 'Psychological']",8.53,53670,1.0,8.0,2008-03-28,2008-08-22
12715,Neon Genesis Evangelion: Comic Tribute,manga,finished,"['Action', 'Comedy', 'Ecchi', 'Sci-Fi']",['Parody'],6.77,504,1.0,19.0,2010-04-03,2010-04-03
19302,Match Ippon no Hanashi,manga,finished,['Slice of Life'],['Psychological'],6.73,183,1.0,13.0,1998-01-01,1998-01-01
10852,Kizu darake no I Love You,manga,finished,"['Boys Love', 'Comedy', 'Erotica']",[],6.77,747,1.0,7.0,2008-05-01,2008-05-01
1097,Slow Starter,manga,finished,"['Boys Love', 'Slice of Life']",[],7.68,4880,1.0,8.0,2010-11-01,2011-11-01
17168,Boys Bad Romance!,manga,finished,"['Boys Love', 'Erotica']",[],6.67,294,1.0,6.0,2017-08-02,2017-12-20
11306,Ikkyu Nyuukon,manga,finished,['Hentai'],['Harem'],7.07,297,1.0,9.0,2014-09-02,2016-11-02
19335,Nurenezumi-tachi no Koi,manga,finished,"['Boys Love', 'Drama', 'Erotica']",['School'],6.55,266,1.0,3.0,2016-03-21,2016-11-25
162,Chihayafuru,manga,finished,"['Award Winning', 'Drama']","['Love Polygon', 'Strategy Game']",8.56,13054,50.0,252.0,2007-12-28,2022-08-01
1487,14-sai no Koi,manga,finished,"['Comedy', 'Romance']",['School'],7.47,7404,12.0,143.0,2010-06-30,2021-10-29
7250,Date A Live: Tooka Dead End,manga,finished,"['Romance', 'Sci-Fi']","['Mecha', 'School']",7.41,376,3.0,11.0,2013-11-26,2014-10-25
9462,Kabocha no Bouken,manga,finished,['Slice of Life'],['Pets'],7.03,472,1.0,17.0,2003-01-01,2007-06-27
12229,Slayers Light Magic,manga,finished,"['Adventure', 'Comedy', 'Fantasy']",['Time Travel'],7.0,300,2.0,9.0,2008-07-26,2009-04-26
9100,Dekiru Otoko,manga,finished,"['Boys Love', 'Erotica']",[],6.88,811,1.0,5.0,2004-01-01,2004-01-01
8542,Saa Koi ni Ochitamae dj - Nakayoshi Nano,doujinshi,finished,"['Boys Love', 'Erotica']",[],7.14,449,1.0,2.0,2023-04-02,2023-04-02
8243,Stay Gold: Koi no Lesson A to Z,manga,finished,"['Boys Love', 'Erotica']",[],6.95,827,1.0,10.0,2007-05-01,2008-11-01
16867,Anata to Scandal,manga,finished,"['Comedy', 'Erotica', 'Girls Love', 'Romance']",['Music'],6.68,303,5.0,25.0,1994-01-14,1995-09-14
17059,"Kore wa Zombie desu ka? Hai, Anata no Yome desu",manga,finished,"['Comedy', 'Ecchi', 'Fantasy']",['Harem'],7.0,139,5.0,29.0,2010-10-26,2013-02-26
4128,Kiss ni Juuzoku,manga,finished,['Romance'],[],7.13,2620,1.0,4.0,2009-01-01,2010-01-01
19439,Mou Tamago wa Korosanai,manga,finished,['Slice of Life'],"['Psychological', 'School']",6.83,142,1.0,4.0,2011-10-01,2012-05-01
12767,Kuromori-san wa Smartphone ga Tsukaenai,manga,finished,"['Comedy', 'Romance']",['School'],6.6,823,3.0,16.0,2017-11-27,2019-02-27
16238,Hinata 120%,manga,finished,"['Drama', 'Romance']",[],6.85,224,3.0,17.0,2023-04-02,2023-04-02
2563,Bloody Sweet,manhwa,finished,"['Romance', 'Supernatural']","['School', 'Vampire']",7.49,1778,4.0,22.0,2014-10-22,2017-02-15
4788,Kyou mo Uchi de Machiawase,manga,finished,['Romance'],['Childcare'],7.22,1179,1.0,5.0,2013-05-24,2013-08-24
700,Unbalance x2,manhwa,finished,"['Drama', 'Ecchi', 'Romance']",['School'],7.7,15536,10.0,82.0,2005-05-30,2011-11-28
8314,LLLL,manga,finished,['Supernatural'],[],7.22,400,1.0,4.0,2012-09-15,2012-12-15
23003,Sekaino Owariga Furu Yoruni,manga,finished,"['Boys Love', 'Erotica']",[],6.19,204,1.0,3.0,1996-01-01,1996-01-01
5410,2.5-jigen Kareshi,manga,finished,"['Comedy', 'Romance']",['School'],7.07,1554,2.0,8.0,2014-11-01,2015-06-03
15488,Inaba Rabbits,manga,finished,"['Comedy', 'Ecchi', 'Romance']",['Harem'],6.39,724,2.0,10.0,2013-05-09,2014-02-08
4457,Danganronpa: Kibou no Gakuen to Zetsubou no Koukousei The Animation,manga,finished,"['Action', 'Horror', 'Mystery']","['High Stakes Game', 'Psychological']",7.05,3482,4.0,17.0,2013-03-26,2014-07-26
14811,Midari ni Midara na Kuroyukihime Online,manga,finished,"['Comedy', 'Ecchi']","['Harem', 'Strategy Game']",6.47,726,4.0,28.0,2016-04-28,2018-01-17
20080,Aoi-sensei wa Shishunki,manga,finished,['Romance'],['School'],6.89,111,2.0,8.0,2016-08-24,2017-05-24
2846,Mousou Shoujo Otaku-kei,manga,finished,"['Comedy', 'Ecchi', 'Romance']",['School'],7.49,1488,7.0,51.0,2006-04-12,2010-09-11
10844,Kanashii Doubutsu,manga,finished,"['Boys Love', 'Drama', 'Erotica']",[],6.72,890,1.0,5.0,2010-07-20,2012-11-12
21947,Tsumasakidachi no Alice,manga,finished,['Romance'],[],6.6,155,3.0,20.0,2018-04-05,2019-03-05
13602,Speed Grapher,manga,finished,['Drama'],['Adult Cast'],6.95,266,3.0,17.0,2005-09-01,2006-09-01
5846,Ruriiro no Yume,manga,finished,"['Erotica', 'Girls Love', 'Romance', 'Slice of Life']",[],7.02,1569,1.0,7.0,2009-08-18,2009-08-18
5895,Sakende Yaruze!,manga,finished,"['Boys Love', 'Comedy', 'Drama']",[],7.44,506,5.0,17.0,1996-01-30,2000-01-28
2034,Himizu,manga,finished,['Drama'],['Psychological'],7.4,3976,4.0,43.0,2001-01-29,2002-03-11
11825,Kimi no Kaori,doujinshi,finished,"['Ecchi', 'Girls Love']",[],6.65,887,1.0,1.0,2008-08-17,2008-08-17
13624,Isagi-Kojima,manga,finished,['Boys Love'],[],6.85,341,1.0,3.0,1998-07-24,1999-01-24
2702,Gakusen Toshi Asterisk,light_novel,finished,"['Action', 'Comedy', 'Ecchi', 'Fantasy', 'Romance', 'Sci-Fi', 'Supernatural']","['Harem', 'School']",7.59,1339,17.0,139.0,2012-09-25,2022-06-24
13787,Ginban Kishi,manga,finished,"['Romance', 'Sports']",[],6.98,242,11.0,56.0,2012-09-25,2017-06-24
5874,Tonari no Usotsuki,manga,finished,"['Boys Love', 'Drama', 'Erotica']",[],7.3,637,1.0,5.0,2018-08-16,2018-12-14
1061,Zelda no Densetsu: Twilight Princess,manga,finished,"['Action', 'Adventure', 'Fantasy']",[],7.89,3219,11.0,58.0,2016-02-08,2022-01-31
3967,Nozo x Kimi,manga,finished,"['Comedy', 'Ecchi', 'Romance']",['School'],7.06,6622,8.0,63.0,2011-02-22,2015-04-15
7445,Drug-On,manga,finished,"['Action', 'Mystery', 'Supernatural']",[],6.86,1677,5.0,31.0,2006-10-30,2009-01-30
2468,Cello Mellow,manga,finished,"['Boys Love', 'Erotica']",[],7.37,2875,1.0,7.0,2008-07-22,2010-01-07
20868,Rinjin ni Ai no Te wo,manga,finished,"['Boys Love', 'Erotica', 'Slice of Life']",[],6.7,151,1.0,7.0,2018-08-09,2019-08-09
6650,Satsuma Gishiden,manga,finished,[],['Historical'],7.66,335,6.0,35.0,1977-01-01,1982-01-01
23979,Kare to Kare,manga,finished,"['Boys Love', 'Erotica']",[],5.86,168,1.0,6.0,1997-01-01,2023-04-02
20006,Bakune Young,manga,finished,"['Action', 'Comedy']",['Psychological'],6.44,286,2.0,30.0,1993-10-22,1997-08-21
22659,Oneechan ni Omakase,manga,finished,"['Hentai', 'Romance', 'Slice of Life']",['Harem'],6.55,147,1.0,8.0,2004-03-05,2005-07-05
15049,Zettai Shoujo Seiiki Amnesian,manga,finished,"['Adventure', 'Ecchi', 'Fantasy', 'Girls Love', 'Romance']",[],6.55,581,4.0,22.0,2009-10-03,2011-07-04
13309,Ikujitsu,manga,finished,['Hentai'],[],7.03,234,1.0,9.0,2016-06-29,2017-11-29
12171,Mama wa Shougaku 4 Nensei,manga,finished,"['Comedy', 'Drama', 'Sci-Fi']",['Childcare'],7.2,200,2.0,12.0,1993-01-01,1993-01-01
13638,Tropical☆Oyako Mix,manga,finished,['Hentai'],['Harem'],7.04,217,1.0,11.0,2011-03-02,2013-01-26
21271,Chokotto H na Koimonogatari,manga,finished,['Romance'],[],6.67,151,1.0,7.0,2000-10-26,2000-10-26
24585,1+2=Paradise,manga,finished,"['Comedy', 'Drama', 'Ecchi', 'Romance']",['Love Polygon'],6.11,110,5.0,25.0,1988-10-06,1990-11-06
20085,Iya yo Iya yo mo?,manga,finished,"['Boys Love', 'Erotica']",['School'],6.27,338,1.0,5.0,2015-03-24,2016-02-24
15150,8-banme no Tsumi,manga,finished,[],[],6.42,743,1.0,3.0,2009-01-01,2009-01-01
22943,Pet Life,manga,finished,['Hentai'],['School'],6.5,151,1.0,9.0,2006-02-17,2008-04-02
20159,Doutei Yankee Magicus✡,manga,finished,"['Boys Love', 'Drama', 'Erotica', 'Supernatural']",[],6.19,354,1.0,7.0,2017-03-24,2017-12-25
4700,Limited Lovers,manga,finished,"['Drama', 'Romance']",[],7.24,1147,3.0,15.0,2004-04-06,2005-07-06
23397,Haitoku Syndrome,manga,finished,['Hentai'],[],6.65,101,1.0,13.0,2011-09-14,2014-06-13
10624,Suzunari!,manga,finished,['Comedy'],['School'],6.89,539,2.0,34.0,2006-09-27,2007-06-27
10635,Saikyou Help xxx,manga,finished,[],[],6.92,491,2.0,10.0,2008-05-15,2010-05-15
21000,"Boku datte, Kiss shitai.",manga,finished,['Romance'],['School'],6.77,126,4.0,24.0,2018-05-02,2019-06-20
6657,Jidou Hanbaiki ni Umarekawatta Ore wa Meikyuu wo Samayou,light_novel,on_hiatus,['Fantasy'],"['Isekai', 'Reincarnation']",7.27,547,3.0,82.0,2016-08-01,2017-02-01
5004,Dance in the Vampire Bund: Sledge Hammer no Tsuioku,manga,finished,"['Action', 'Drama', 'Supernatural']",['Vampire'],7.21,1101,3.0,13.0,2012-11-05,2013-10-05
21263,Konna ni Yasashiku Sareta no,manga,finished,['Hentai'],[],6.53,200,1.0,13.0,2004-09-06,2012-09-13
12332,Ibitsu no Amalgam,manga,finished,"['Action', 'Fantasy', 'Supernatural']",[],6.4,1702,3.0,21.0,2016-10-08,2017-02-20
19857,Kagayaku!! Otoko no Ko Juku,manga,finished,['Boys Love'],['Crossdressing'],6.29,348,1.0,7.0,2011-10-25,2013-05-25
9432,Doutei ni Ai nante Sakebenai!,manga,finished,"['Boys Love', 'Drama', 'Erotica']",['School'],7.05,452,1.0,5.0,2016-07-25,2017-03-25
8398,Aisuru Hito,manga,finished,"['Comedy', 'Romance']",[],6.73,2199,4.0,20.0,2001-10-06,2003-05-08
11571,Saiteihen no Otoko,manga,finished,"['Horror', 'Mystery', 'Supernatural']",['Psychological'],6.14,5546,3.0,15.0,2011-11-22,2012-12-22
22734,Kakumeiki Valvrave Anthology Comic,manga,finished,['Romance'],"['Mecha', 'Military']",6.68,112,1.0,16.0,2013-09-27,2013-09-27
17337,Geki!! Monzetsu Operation,manga,finished,['Hentai'],[],6.68,280,1.0,10.0,2004-07-06,2005-01-06
11508,20 Seiki Shounen Tanteidan,manga,finished,"['Comedy', 'Drama', 'Mystery', 'Slice of Life']",[],7.25,203,1.0,14.0,2008-08-01,2008-08-01
21374,Kagekuri Kitan,manga,finished,"['Action', 'Comedy', 'Supernatural']",['School'],6.35,251,8.0,52.0,2018-09-27,2022-12-26
2543,Goth,manga,finished,"['Horror', 'Mystery']",['Psychological'],7.21,16265,1.0,5.0,2002-08-26,2003-05-26
19539,Angel Game: Sayonara to Mirai no Kakera,manga,finished,"['Mystery', 'Supernatural']",[],6.09,419,2.0,12.0,2011-06-10,2011-09-16
7937,Furue Tsumore Shiawase no Hana,manga,finished,"['Boys Love', 'Drama', 'Erotica', 'Romance']",['School'],6.93,973,1.0,7.0,2008-01-01,2009-01-01
14795,Shibuya Kingyo,manga,finished,"['Drama', 'Horror', 'Supernatural']",['Gore'],6.09,1210,11.0,55.0,2016-09-21,2021-04-22
5276,By My Side,manga,finished,"['Boys Love', 'Drama', 'Erotica']",[],7.28,823,1.0,7.0,2016-01-30,2019-09-20
8207,T.R.A.P.,manga,finished,"['Drama', 'Mystery', 'Sports']",['School'],7.11,523,6.0,58.0,2010-03-17,2011-06-03
18663,Rakka,manga,finished,"['Boys Love', 'Drama', 'Erotica']",[],6.55,298,1.0,6.0,2017-02-25,2017-10-25
4511,Yakimochi wa Kitsuneiro,manga,finished,"['Boys Love', 'Supernatural']",[],7.29,1075,1.0,6.0,2019-03-25,2020-01-23
4840,Kiken Mania,manga,finished,['Romance'],['School'],7.05,2545,2.0,11.0,2013-04-20,2013-10-04
8541,Princess Ver.1,manga,finished,"['Drama', 'Romance']",[],7.24,364,3.0,17.0,2003-03-03,2004-07-03
15564,Shinazu no Himegimi,manga,finished,"['Hentai', 'Supernatural']",['Vampire'],7.02,168,1.0,10.0,2008-07-17,2011-04-16
2263,Shin Getter Robo,manga,finished,[],['Mecha'],7.76,1398,2.0,9.0,1996-01-01,1999-01-01
20812,Tayori Tayorite,manga,finished,"['Boys Love', 'Drama', 'Erotica']",['School'],6.8100000000000005,119,1.0,6.0,2019-08-29,2020-04-28
8230,Spas-Pa,manga,finished,"['Action', 'Comedy', 'Ecchi', 'Romance', 'Supernatural']",['School'],6.96,804,7.0,32.0,2002-10-01,2005-12-09
13,Death Note,manga,finished,"['Supernatural', 'Suspense']",['Psychological'],8.7,219625,12.0,108.0,2003-12-01,2006-05-15
13608,Teens House,manga,finished,['Romance'],[],6.68,544,2.0,11.0,2013-11-13,2014-06-13
14590,Senmu no Inu,manga,finished,"['Comedy', 'Drama', 'Slice of Life']",[],6.86,286,1.0,6.0,1994-01-05,1999-02-05
14654,The Death Panda,manga,finished,"['Hentai', 'Horror']","['Mythology', 'Super Power']",4.94,1567,1.0,11.0,2006-08-26,2023-04-02
3064,Otonari ni Ginga,manga,finished,"['Comedy', 'Romance', 'Supernatural']",[],7.45,1430,6.0,37.0,2020-04-07,2023-05-06
1074,Kotonoha no Niwa,manga,finished,"['Drama', 'Romance', 'Slice of Life']",['Visual Arts'],7.65,5880,1.0,7.0,2013-04-25,2013-10-25
21397,Mephisto,manga,finished,"['Action', 'Supernatural']",['Time Travel'],6.55,189,6.0,51.0,1984-05-17,1988-07-21
8173,Watashi no Tadashii Oniichan,manga,finished,"['Drama', 'Mystery', 'Romance']",['Psychological'],6.91,966,4.0,16.0,2018-11-15,2020-05-01
16908,Moebana,manga,finished,['Drama'],"['School', 'Visual Arts']",6.33,578,4.0,35.0,2022-06-30,2023-03-30
9536,Tenjite Koi to Iki,manga,finished,"['Boys Love', 'Erotica', 'Supernatural']",['School'],7.32,257,1.0,6.0,2016-12-22,2017-08-25
2215,Living Game,manga,finished,"['Comedy', 'Romance', 'Slice of Life']",[],7.67,1590,10.0,119.0,1990-10-01,1993-04-01
9885,Koi wa Etude!,manga,finished,"['Boys Love', 'Erotica']",[],7.0,466,1.0,6.0,2016-12-29,2017-04-28
12494,Fushigi no Kuni no Miyuki-chan,manga,finished,"['Comedy', 'Ecchi', 'Fantasy']",[],6.04,3159,1.0,7.0,1993-03-10,1995-06-10
23453,Shishi to Myoujou,manga,finished,"['Boys Love', 'Erotica']",[],6.41,149,1.0,6.0,2020-08-05,2021-08-01
10059,Nakittsura ni Hug,manga,finished,"['Boys Love', 'Erotica']",[],7.07,377,1.0,6.0,2019-08-30,2020-03-13
19336,King of Idol,manga,finished,"['Comedy', 'Romance']",['School'],6.5600000000000005,261,6.0,61.0,2017-05-10,2018-09-26
16277,Three Quarters,manga,finished,['Boys Love'],[],6.9,197,1.0,8.0,2001-01-01,2023-04-02
5581,Tonari no Robot,manga,finished,"['Girls Love', 'Sci-Fi']",[],7.26,771,1.0,9.0,2013-06-15,2014-10-16
6808,Crying Freeman,manga,finished,"['Action', 'Adventure', 'Ecchi', 'Romance']","['Detective', 'Martial Arts', 'Organized Crime']",6.89,1944,9.0,103.0,1986-03-31,1988-04-18
11232,Doutei Hitsuji to Abazure Ookami,manga,finished,"['Boys Love', 'Erotica']",[],6.67,953,1.0,6.0,2011-01-01,2011-01-01
24227,Yacchimonee,manga,finished,"['Boys Love', 'Erotica']",[],6.31,128,1.0,5.0,2015-01-22,2015-09-23
11049,"Giocatore, Hokaku Keikaku.",manga,finished,"['Boys Love', 'Drama', 'Erotica']",[],6.65,1094,1.0,7.0,2007-11-07,2007-11-07
5239,Hanza Sky,manga,finished,['Sports'],"['Combat Sports', 'School']",7.19,1062,13.0,115.0,2010-01-14,2012-05-24
13285,Kyochuu Rettou,manga,finished,['Horror'],"['Gore', 'Survival']",5.4,2698,6.0,24.0,2014-10-21,2019-03-28
7310,Love Monster,manga,finished,"['Boys Love', 'Erotica']",[],6.86,1787,1.0,7.0,2023-04-02,2023-04-02
11425,Yakuza Girl: Blade-jikake no Hanayome,manga,finished,"['Action', 'Ecchi']",['Martial Arts'],6.22,4829,2.0,11.0,2008-01-19,2008-12-19
13828,Shoujo Kakumei Utena: After the Revolution,manga,finished,"['Drama', 'Fantasy', 'Romance']","['Mahou Shoujo', 'School']",6.75,431,1.0,3.0,2017-07-28,2018-03-28
12860,Koukou Kyuuji Zawa-san,manga,finished,"['Comedy', 'Slice of Life', 'Sports']",['Team Sports'],7.16,192,12.0,201.0,2008-08-25,2013-02-25
13793,Dämons,manga,finished,"['Action', 'Supernatural']",[],7.04,212,13.0,116.0,2006-02-02,2008-06-19
8083,Le Chevalier d'Eon,manga,finished,"['Action', 'Mystery', 'Supernatural']","['Crossdressing', 'Historical']",7.07,596,8.0,45.0,2005-01-26,2008-11-26
23817,"Itoshii, Hito",manga,finished,"['Boys Love', 'Erotica', 'Romance']",[],6.27,152,1.0,5.0,2012-05-10,2012-05-10
2047,Full House Kiss,manga,finished,"['Comedy', 'Romance']",[],7.46,2985,6.0,28.0,2004-06-01,2008-01-25
1636,Bloody Kiss,manga,finished,"['Drama', 'Romance', 'Supernatural']","['School', 'Vampire']",7.4,10017,2.0,8.0,2005-10-20,2007-06-20
7225,Lindbergh,manga,finished,"['Adventure', 'Fantasy']",['Historical'],7.44,364,8.0,48.0,2009-05-12,2013-04-12
21057,Tonari no Sperma-san,manga,finished,"['Erotica', 'Girls Love', 'Hentai']",['Harem'],6.57,193,1.0,11.0,2003-04-01,2005-11-25
15090,Gokudou Parasites,manga,finished,"['Comedy', 'Supernatural']","['Detective', 'Organized Crime']",6.93,222,6.0,48.0,2019-01-18,2021-09-03
3878,Isekai Omotenashi Gohan,manga,finished,"['Fantasy', 'Gourmet', 'Slice of Life']",['Isekai'],7.25,1706,4.0,22.0,2017-10-31,2019-09-27
8412,Papa no Iukoto wo Kikinasai!: Takanashi no Hidamari,manga,finished,"['Comedy', 'Drama', 'Ecchi', 'Slice of Life']","['Childcare', 'School']",7.23,382,1.0,6.0,2011-08-19,2012-01-19
21435,Akuyaku Reijou wa Ichizu ni Dekiai sarete,manga,finished,"['Drama', 'Erotica', 'Romance']",['Villainess'],6.58,178,1.0,8.0,2020-03-06,2020-07-22
17740,Kyoukai no Nai Sekai,manga,finished,"['Comedy', 'Ecchi']",['School'],6.41,446,3.0,23.0,2014-09-21,2016-02-26
6031,Maria-sama ga Miteru,light_novel,finished,"['Drama', 'Girls Love']",['School'],7.76,369,37.0,306.0,1998-04-24,2012-04-28
8910,Freezing: Pair Love Stories,manga,finished,"['Drama', 'Ecchi', 'Romance', 'Sci-Fi']",['School'],7.01,573,3.0,12.0,2013-03-27,2014-02-28
2906,High☆Speed!,light_novel,finished,"['Drama', 'Sports']",['School'],7.86,928,2.0,21.0,2013-07-08,2014-07-02
7631,Mitsume ga Tooru,manga,finished,"['Award Winning', 'Supernatural']",[],7.79,251,13.0,77.0,1974-01-01,1978-01-01
15079,Pillow Talk + Holiday,doujinshi,finished,"['Boys Love', 'Erotica']",[],6.75,349,1.0,2.0,2009-08-16,2009-08-16
3143,Hajimete wo Anata to,manga,finished,['Romance'],['School'],7.46,1349,1.0,4.0,2009-01-01,2011-01-01
4550,Kyou no Asuka Show,manga,finished,"['Comedy', 'Ecchi']",[],7.06,2954,4.0,48.0,2009-08-27,2013-07-27
3816,Kingdom Hearts,light_novel,finished,"['Adventure', 'Drama', 'Fantasy']",[],7.66,771,2.0,15.0,2005-06-30,2005-07-29
20911,Kamigurai,manga,finished,"['Action', 'Romance', 'Supernatural']",['Historical'],6.65,167,1.0,4.0,2006-12-20,2007-02-20
15205,Shounen☆Princess,manga,finished,[],['Crossdressing'],6.36,812,1.0,5.0,2014-01-18,2014-05-19
14680,Osewa Yakimasu,manga,finished,"['Boys Love', 'Erotica']",[],6.79,336,1.0,6.0,2005-01-01,2005-01-01
3619,Toukaidou Hisame,manga,finished,"['Action', 'Adventure', 'Boys Love', 'Comedy', 'Drama', 'Fantasy', 'Supernatural']",['Historical'],7.55,928,2.0,8.0,2005-10-05,2006-07-01
13799,Sekai wa Sonna ni Warukunai,manga,finished,"['Boys Love', 'Erotica']",[],6.96,252,1.0,5.0,2016-05-24,2016-11-24
4835,Steins;Gate: Heiji Kyokusen no Epigraph,manga,finished,"['Drama', 'Sci-Fi']",[],7.73,524,2.0,11.0,2013-02-22,2013-12-27
10997,Nemuru Baka,manga,finished,"['Comedy', 'Drama', 'Slice of Life']",[],6.89,502,1.0,7.0,2006-09-19,2008-01-19
14932,Anata no Kiss mo Kokoro mo Zenbu,manga,finished,"['Boys Love', 'Erotica']",[],6.8100000000000005,308,1.0,6.0,2023-04-02,2023-04-02
17521,Anemayo,manga,finished,['Hentai'],[],7.05,116,1.0,10.0,2012-11-02,2014-10-02
2117,Magical x Miracle,manga,finished,"['Adventure', 'Fantasy', 'Romance']",[],7.7,1617,6.0,46.0,2002-03-28,2006-01-28
22184,Jisho to Skirt,manga,finished,['Erotica'],[],6.2,241,1.0,10.0,2008-07-30,2010-04-30
4424,Ressentiment,manga,finished,"['Comedy', 'Ecchi', 'Sci-Fi']",['Strategy Game'],7.07,3038,4.0,49.0,2003-12-15,2005-02-21
4227,Jigokuren: Love in the Hell,manga,finished,"['Comedy', 'Ecchi', 'Romance', 'Supernatural']",[],7.02,8141,3.0,18.0,2011-08-19,2013-01-18
23803,Inbu - Boku wa Mama no Pet,manga,finished,['Hentai'],[],6.54,111,1.0,10.0,2005-08-31,2005-08-31
18054,Banana Bread no Pudding,manga,finished,"['Comedy', 'Drama']",['Psychological'],6.33,462,1.0,5.0,1977-11-01,1978-03-01
2382,Sensei wa Sadistic,manga,finished,['Romance'],['School'],7.54,1784,1.0,5.0,2010-08-26,2010-08-26
10819,Kindaichi Shounen no Jikenbo Returns,manga,finished,['Mystery'],[],7.36,193,14.0,125.0,2013-11-27,2017-10-18
13546,Midashitai Giya-san to Midarenai Tadamichi,manga,finished,"['Comedy', 'Ecchi']",['School'],6.24,1510,2.0,18.0,2019-12-19,2020-07-16
10823,Boku wa Uchuujin ni Koi wo Shita.,manga,finished,"['Comedy', 'Romance']",['School'],6.88,533,1.0,5.0,2016-02-24,2016-06-24
22893,Netorare Kanojo,manga,finished,['Hentai'],[],6.68,108,1.0,9.0,2010-06-11,2011-10-11
15811,Chii-chan Kaihatsu Nikki,doujinshi,finished,['Hentai'],[],6.87,227,1.0,8.0,2011-08-21,2016-02-10
14087,Taihou to Stamp,manga,finished,"['Action', 'Comedy']",['Military'],7.27,131,9.0,83.0,2011-01-22,2020-09-23
11157,Voice or Noise,manga,finished,"['Boys Love', 'Erotica']",[],7.16,253,6.0,54.0,2003-01-01,2015-04-22
12079,Memesis,manga,finished,"['Action', 'Adventure', 'Comedy', 'Fantasy']",[],6.57,1088,4.0,45.0,2018-02-28,2019-01-30
12751,Haritoge Clemmie to Ou no Ie,manga,finished,"['Slice of Life', 'Supernatural']",['Anthropomorphic'],6.95,307,3.0,30.0,2016-08-28,2018-11-28
15690,Otoko no Ko Days,manga,finished,"['Boys Love', 'Comedy', 'Romance']",['Crossdressing'],6.57,484,1.0,6.0,2012-02-25,2013-06-20
18239,Tears to Tiara: Kakan no Daichi,manga,finished,"['Action', 'Adventure', 'Fantasy']",['Harem'],7.0,116,3.0,15.0,2009-01-01,2010-01-01
12810,Sakura Trick: Anthology Comic,manga,finished,"['Comedy', 'Girls Love', 'Slice of Life']",['School'],7.22,174,1.0,11.0,2014-01-27,2014-01-27
19723,Yubisaki de Ai wo Katare,manga,finished,"['Boys Love', 'Erotica']",[],6.7,183,1.0,6.0,2023-04-02,2023-04-02
1993,Souten no Ken,manga,finished,['Action'],['Martial Arts'],7.67,1836,22.0,260.0,2001-05-01,2010-08-27
15752,Isekai Shoukan wa Nidome desu,light_novel,finished,"['Action', 'Adventure', 'Comedy', 'Fantasy', 'Romance']","['Harem', 'Isekai']",6.8100000000000005,267,5.0,121.0,2015-10-30,2017-07-29
18892,Akuma de Junai,manga,finished,[],[],6.43,354,2.0,11.0,1990-01-01,1990-01-01
2693,Mousou Elektel dj - Fumi-kun mo Mousou,doujinshi,finished,"['Boys Love', 'Erotica']",[],7.61,1305,1.0,1.0,2009-12-30,2009-12-30
2253,Papa no Iukoto wo Kikinasai!,manga,finished,"['Comedy', 'Ecchi', 'Romance']","['Childcare', 'School']",7.41,2955,3.0,15.0,2011-08-04,2012-10-19
11877,Rocket Man,manga,finished,"['Action', 'Mystery']",[],7.28,183,10.0,38.0,2001-10-06,2004-12-06
9983,Stealth Symphony,manga,finished,"['Action', 'Comedy', 'Fantasy']",[],6.63,1748,3.0,21.0,2014-02-24,2014-07-14
1970,Wagatsuma-san wa Ore no Yome,manga,finished,"['Comedy', 'Romance', 'Slice of Life']","['School', 'Time Travel']",7.33,8683,13.0,111.0,2011-09-20,2014-09-24
1134,Kieli: Shisha-tachi wa Kouya ni Nemuru,manga,finished,"['Adventure', 'Fantasy', 'Mystery', 'Supernatural']",[],7.88,3016,2.0,7.0,2005-12-06,2006-08-05
8901,Momoiro Tengu,manga,finished,"['Boys Love', 'Supernatural']",[],6.98,621,1.0,6.0,2007-01-01,2008-01-01
18333,Yume no Kuni in My Darling,manga,finished,"['Boys Love', 'Comedy', 'Erotica']",[],6.58,296,1.0,8.0,2012-01-01,2012-01-01
6147,Kimi ga Inakya Dame tte Itte,manga,finished,['Romance'],['School'],6.86,4020,2.0,10.0,2014-01-11,2014-09-13
11040,Yukemuri Journey,manga,finished,"['Boys Love', 'Erotica']",[],6.94,430,2.0,12.0,2010-02-10,2010-02-10
12628,"Uchiage Hanabi, Shita kara Miru ka? Yoko kara Miru ka?",manga,finished,['Drama'],[],6.66,701,2.0,10.0,2017-06-02,2018-02-02
14777,Watashi no Joushi,manga,finished,"['Drama', 'Romance']",[],7.07,171,8.0,34.0,2015-03-28,2018-02-28
15352,Mitama Security,manga,finished,"['Action', 'Comedy', 'Supernatural']",['Gag Humor'],6.27,880,5.0,50.0,2019-09-02,2020-08-11
12769,Getsuyoubi kara Kataomoi,manga,finished,['Romance'],['School'],6.42,1381,1.0,6.0,2015-04-20,2015-07-15
12905,Bokunchi no Kaseifu-san,manga,finished,['Romance'],[],6.89,349,3.0,12.0,2013-12-16,2015-10-16
23379,Tomato Pretty,doujinshi,finished,"['Boys Love', 'Erotica', 'Supernatural']",[],6.03,196,1.0,1.0,2005-01-01,2005-01-01
6291,Waruiko no Mikata,manga,finished,"['Comedy', 'Romance']",[],7.06,1082,1.0,4.0,2009-11-25,2009-11-25
23486,Mote ne!?,manga,finished,"['Comedy', 'Ecchi', 'Romance']",['School'],6.41,148,1.0,8.0,2005-01-01,2005-01-01
595,H2,manga,finished,"['Comedy', 'Drama', 'Romance', 'Sports']","['School', 'Team Sports']",8.18,4711,34.0,338.0,1992-01-01,1999-01-01
21325,Pura-Tina Plus,manga,finished,"['Comedy', 'Hentai']",['Harem'],6.8100000000000005,110,1.0,9.0,2023-04-02,2023-04-02
2210,Diamond Dust,manhwa,finished,"['Drama', 'Romance']","['Music', 'Psychological']",7.65,1643,3.0,40.0,2012-04-17,2013-02-26
14218,Choujigen Game Neptune,manga,finished,"['Action', 'Fantasy', 'Sci-Fi']",[],7.04,199,1.0,7.0,2013-07-27,2014-01-27
19337,Aisaretagari no Anti Romance,manga,finished,"['Boys Love', 'Drama', 'Erotica']",[],6.83,144,1.0,6.0,2018-04-27,2018-07-26
18159,The Knockout Makers,manga,finished,"['Comedy', 'Romance']",[],6.82,178,3.0,15.0,2023-04-02,2023-04-02
438,Shigurui,manga,finished,"['Action', 'Drama']","['Gore', 'Historical', 'Martial Arts', 'Samurai']",8.08,8240,15.0,84.0,2003-06-19,2010-07-17
18725,Makai Senki Disgaea 3: School of Devils,manga,finished,"['Action', 'Fantasy']",[],7.0,108,2.0,14.0,2009-05-29,2010-12-03
4890,Tsubasa wo Motsu Mono,manga,finished,"['Adventure', 'Romance', 'Sci-Fi']",[],7.3,900,6.0,34.0,1995-10-20,1998-05-02
